# omega (eV), Re alpha(omega), Im alpha(omega)
0.010000000000000002,0.000127540846481860,-0.010703101575203213
0.020000000000000004,0.000507625100680072,-0.021386452393517337
0.030000000000000009,0.001133312192004268,-0.032032335045305657
0.040000000000000008,0.001994619614843763,-0.042626000149141065
0.050000000000000010,0.003079802122898321,-0.053155755914496935
0.060000000000000019,0.004376328214420962,-0.063612671579925492
0.069999999999999993,0.005871563296699166,-0.073990147888149962
0.079999999999999988,0.007553218458934977,-0.084283473969135270
0.089999999999999997,0.009409623166462310,-0.094489424789896290
0.100000000000000006,0.011429871418591661,-0.104605919577790168
0.110000000000000001,0.013603881023621435,-0.114631743967152200
0.119999999999999996,0.015922396090698853,-0.124566330270551057
0.130000000000000004,0.018376954567272379,-0.134409587137034325
0.140000000000000013,0.020959836059147519,-0.144161769409026197
0.150000000000000022,0.023664000201893749,-0.153823379782495467
0.159999999999999976,0.026483022247458195,-0.163395095133900159
0.170000000000000012,0.029411029988812783,-0.172877711707465492
0.180000000000000021,0.032442644400434852,-0.182272104574231791
0.190000000000000030,0.035572925206668417,-0.191579197810142710
0.200000000000000011,0.038797321836450072,-0.200799942682636096
0.210000000000000020,0.042111629756432581,-0.209935301799649698
0.220000000000000001,0.045511951903542791,-0.218986237688196805
0.230000000000000010,0.048994664796613824,-0.227953704660113582
0.240000000000000019,0.052556388848592123,-0.236838643116338232
0.250000000000000000,0.056193962393940547,-0.245641975660332079
0.260000000000000009,0.059904418968727211,-0.254364604553986851
0.270000000000000018,0.063684967419327568,-0.263007410169707190
0.280000000000000027,0.067532974460677700,-0.271571250181173618
0.290000000000000036,0.071445949351115146,-0.280056959300792219
0.299999999999999989,0.075421530394836900,-0.288465349420173822
0.309999999999999998,0.079457473023256134,-0.296797210045715132
0.320000000000000007,0.083551639242367054,-0.305053308947828339
0.330000000000000016,0.087701988264480404,-0.313234392962064845
0.340000000000000024,0.091906568169621367,-0.321341188895088004
0.350000000000000033,0.096163508464844241,-0.329374404499508999
0.360000000000000042,0.100471013429170031,-0.337334729489945140
0.369999999999999996,0.104827356148272946,-0.345222836579018422
0.380000000000000004,0.109230873156841879,-0.353039382516878164
0.390000000000000013,0.113679959618147683,-0.360785009121590783
0.400000000000000022,0.118173064980097636,-0.368460344290661046
0.410000000000000031,0.122708689055246178,-0.376066002986246761
0.420000000000000040,0.127285378479147587,-0.383602588188431015
0.429999999999999938,0.131901723507255764,-0.391070691812365423
0.440000000000000002,0.136556355115528272,-0.398470895586243601
0.450000000000000011,0.141247942374077173,-0.405803771887995712
0.460000000000000020,0.145975190066805788,-0.413069884539345455
0.470000000000000029,0.150736836533030272,-0.420269789556481532
0.480000000000000038,0.155531651709736485,-0.427404035857085862
0.489999999999999991,0.160358435355402507,-0.434473165923873250
0.500000000000000000,0.165216015438309188,-0.441477716425115241
0.510000000000000009,0.170103246673988073,-0.448418218792894507
0.520000000000000018,0.175019009197981829,-0.455295199760046287
0.530000000000000027,0.179962207361427845,-0.462109181856911966
0.540000000000000036,0.184931768638158550,-0.468860683869171735
0.550000000000000044,0.189926642633067050,-0.475550221258118189
0.560000000000000053,0.194945800182422441,-0.482178306544817747
0.570000000000000062,0.199988232537656407,-0.488745449659660880
0.580000000000000071,0.205052950624900782,-0.495252158258836561
0.589999999999999969,0.210138984373230642,-0.501698938009294437
0.599999999999999978,0.215245382105181321,-0.508086292843758169
0.609999999999999987,0.220371209983665939,-0.514414725187360977
0.619999999999999996,0.225515551509920836,-0.520684736157448480
0.630000000000000004,0.230677507067569593,-0.526896825738085162
0.640000000000000013,0.235856193508311107,-0.533051492930766591
0.650000000000000022,0.241050743775122450,-0.539149235882804945
0.660000000000000031,0.246260306559217934,-0.545190551994823580
0.670000000000000040,0.251484045987322213,-0.551175938008748312
0.680000000000000049,0.256721141336117342,-0.557105890077642107
0.690000000000000058,0.261970786770985176,-0.562980903818681155
0.700000000000000067,0.267232191106421768,-0.568801474350521863
0.710000000000000075,0.272504577585728047,-0.574568096316260712
0.719999999999999973,0.277787183677784766,-0.580281263893131949
0.729999999999999982,0.283079260888926376,-0.585941470790045105
0.739999999999999991,0.288380074588094670,-0.591549210234008416
0.750000000000000000,0.293688903843622340,-0.597104974946432443
0.760000000000000009,0.299005041270152927,-0.602609257110262142
0.770000000000000018,0.304327792884333925,-0.608062548328833885
0.780000000000000027,0.309656477968057398,-0.613465339577303759
0.790000000000000036,0.314990428938135392,-0.618818121147448830
0.800000000000000044,0.320328991221410397,-0.624121382586596329
0.810000000000000053,0.325671523134398455,-0.629375612631389192
0.820000000000000062,0.331017395766658507,-0.634581299137053967
0.830000000000000071,0.336365992867164565,-0.639738929002794721
0.840000000000000080,0.341716710733036333,-0.644848988093898789
0.849999999999999978,0.347068958100054670,-0.649911961161094509
0.859999999999999876,0.352422156034458756,-0.654928331757672400
0.869999999999999996,0.357775737825573370,-0.659898582154836544
0.880000000000000004,0.363129148878880925,-0.664823193255729583
0.890000000000000124,0.368481846609195751,-0.669702644508527123
0.900000000000000022,0.373833300333646590,-0.674537413818983356
0.910000000000000142,0.379182991164217997,-0.679327977462766297
0.920000000000000040,0.384530411899634161,-0.684074809997899935
0.929999999999999938,0.389875066916411939,-0.688778384177603065
0.940000000000000058,0.395216472058930735,-0.693439170863787369
0.949999999999999956,0.400554154528407980,-0.698057638941456116
0.960000000000000075,0.405887652770683283,-0.702634255234222183
0.970000000000000084,0.411216516362745976,-0.707169484421138139
0.979999999999999982,0.416540305897957319,-0.711663788955021137
0.990000000000000102,0.421858592869940041,-0.716117628982426480
1.000000000000000000,0.427170959555122631,-0.720531462265409761
1.010000000000000009,0.432476998893941589,-0.724905744105210026
1.020000000000000018,0.437776314370719233,-0.729240927267950867
1.030000000000000027,0.443068519892244106,-0.733537461912464495
1.040000000000000036,0.448353239665092551,-0.737795795520317488
1.050000000000000044,0.453630108071738758,-0.742016372828102067
1.060000000000000053,0.458898769545510232,-0.746199635762062052
1.070000000000000062,0.464158878444445366,-0.750346023375087934
1.080000000000000071,0.469410098924125663,-0.754455971786127444
1.090000000000000080,0.474652104809550723,-0.758529914122035631
1.100000000000000089,0.479884579466132388,-0.762568280461884851
1.110000000000000098,0.485107215669887293,-0.766571497783747891
1.120000000000000107,0.490319715476907336,-0.770539989913957557
1.130000000000000115,0.495521790092191938,-0.774474177478841508
1.140000000000000124,0.500713159737924407,-0.778374477858926106
1.150000000000000133,0.505893553521277628,-0.782241305145593757
1.160000000000000142,0.511062709301832951,-0.786075070100178741
1.169999999999999929,0.516220373558697432,-0.789876180115477999
1.179999999999999938,0.521366301257402132,-0.793645039179649237
1.189999999999999947,0.526500255716663368,-0.797382047842467134
1.199999999999999956,0.531622008475092001,-0.801087603183907815
1.209999999999999964,0.536731339157925480,-0.804762098785017255
1.219999999999999973,0.541828035343867809,-0.808405924701035228
1.229999999999999982,0.546911892432106250,-0.812019467436725373
1.239999999999999991,0.551982713509586054,-0.815603109923872083
1.250000000000000000,0.557040309218613361,-0.819157231500900695
1.260000000000000009,0.562084497624854240,-0.822682207894570694
1.270000000000000018,0.567115104085803790,-0.826178411203700724
1.280000000000000027,0.572131961119781263,-0.829646209884869812
1.290000000000000036,0.577134908275526159,-0.833085968740052030
1.300000000000000044,0.582123792002444795,-0.836498048906130554
1.310000000000000053,0.587098465521575297,-0.839882807846242030
1.320000000000000062,0.592058788697316318,-0.843240599342902741
1.330000000000000071,0.597004627909982433,-0.846571773492860835
1.340000000000000080,0.601935855929229047,-0.849876676703628209
1.350000000000000089,0.606852351788400690,-0.853155651691639094
1.360000000000000098,0.611754000659842090,-0.856409037481983937
1.370000000000000107,0.616640693731220768,-0.859637169409670943
1.380000000000000115,0.621512328082897691,-0.862840379122360890
1.390000000000000124,0.626368806566387049,-0.866018994584528912
1.400000000000000133,0.631210037683938019,-0.869173340083002399
1.410000000000000142,0.636035935469275282,-0.872303736233825733
1.419999999999999929,0.640846419369525355,-0.875410499990407209
1.429999999999999938,0.645641414128364288,-0.878493944652893766
1.439999999999999947,0.650420849670405476,-0.881554379878734973
1.449999999999999956,0.655184660986860234,-0.884592111694383565
1.459999999999999964,0.659932788022488337,-0.887607442508090871
1.469999999999999973,0.664665175563863619,-0.890600671123752297
1.479999999999999982,0.669381773128969959,-0.893572092755756553
1.489999999999999991,0.674082534858147286,-0.896521999044801343
1.500000000000000000,0.678767419406403505,-0.899450678074626420
1.510000000000000009,0.683436389837103975,-0.902358414389629382
1.520000000000000018,0.688089413517051551,-0.905245489013320803
1.530000000000000027,0.692726462012968502,-0.908112179467579161
1.540000000000000036,0.697347510989389185,-0.910958759792670159
1.550000000000000044,0.701952540107969480,-0.913785500567990350
1.560000000000000053,0.706541532928221416,-0.916592668933497778
1.570000000000000062,0.711114476809675766,-0.919380528611799863
1.580000000000000071,0.715671362815479051,-0.922149339930854905
1.590000000000000080,0.720212185617422063,-0.924899359847262459
1.600000000000000089,0.724736943402408462,-0.927630841970104481
1.610000000000000098,0.729245637780357669,-0.930344036585305068
1.620000000000000107,0.733738273693541498,-0.933039190680482688
1.630000000000000115,0.738214859327356754,-0.935716547970258827
1.640000000000000124,0.742675406022526907,-0.938376348921997505
1.650000000000000133,0.747119928188730298,-0.941018830781946258
1.660000000000000142,0.751548443219648865,-0.943644227601752816
1.670000000000000151,0.755960971409436966,-0.946252770265325838
1.679999999999999938,0.760357535870593848,-0.948844686516020608
1.689999999999999947,0.764738162453246662,-0.951420200984119502
1.699999999999999956,0.769102879665821471,-0.953979535214584784
1.710000000000000187,0.773451718597106153,-0.956522907695063207
1.719999999999999751,0.777784712839689529,-0.959050533884111434
1.729999999999999982,0.782101898414768182,-0.961562626239632734
1.739999999999999991,0.786403313698311401,-0.964059394247491541
1.749999999999999778,0.790688999348577171,-0.966541044450293541
1.760000000000000009,0.794958998234960967,-0.969007780476310421
1.770000000000000018,0.799213355368169842,-0.971459803068524419
1.780000000000000249,0.803452117831713553,-0.973897310113784442
1.789999999999999813,0.807675334714693438,-0.976320496672046123
1.800000000000000044,0.811883057045881484,-0.978729555005686036
1.810000000000000053,0.816075337729073258,-0.981124674608869651
1.820000000000000284,0.820252231479705496,-0.983506042236960032
1.830000000000000071,0.824413794762719809,-0.985873841935948070
1.840000000000000080,0.828560085731666285,-0.988228255071896045
1.850000000000000089,0.832691164169022446,-0.990569460360375076
1.859999999999999876,0.836807091427722693,-0.992897633895884035
1.870000000000000107,0.840907930373880230,-0.995212949181240703
1.880000000000000115,0.844993745330688051,-0.997515577156927846
1.890000000000000346,0.849064602023479997,-0.999805686230386570
1.899999999999999911,0.853120567525944562,-1.002083442305242267
1.910000000000000142,0.857161710207472782,-1.004349008810456301
1.920000000000000151,0.861188099681621244,-1.006602546729388870
1.929999999999999938,0.865199806755682421,-1.008844214628764613
1.940000000000000169,0.869196903381345365,-1.011074168687536634
1.949999999999999734,0.873179462606424650,-1.013292562725629287
1.959999999999999964,0.877147558527655469,-1.015499548232562166
1.969999999999999973,0.881101266244524783,-1.017695274395940874
1.980000000000000204,0.885040661814137875,-1.019879888129807011
1.989999999999999991,0.888965822207092304,-1.022053534102843830
2.000000000000000000,0.892876825264354190,-1.024216354766427806
2.009999999999999787,0.896773749655114916,-1.026368490382517429
2.020000000000000018,0.900656674835616067,-1.028510079051378145
2.029999999999999805,0.904525681008929494,-1.030641256739134981
2.040000000000000036,0.908380849085671516,-1.032762157305144868
2.049999999999999822,0.912222260645642491,-1.034872912529187339
2.059999999999999609,0.916049997900374557,-1.036973652138467372
2.069999999999999840,0.919864143656571542,-1.039064503834424835
2.079999999999999627,0.923664781280428393,-1.041145593319344531
2.089999999999999858,0.927451994662813473,-1.043217044322769738
2.099999999999999645,0.931225868185302286,-1.045278978627705913
2.109999999999999876,0.934986486687044316,-1.047331516096618120
2.119999999999999662,0.938733935432453315,-1.049374774697216628
2.129999999999999893,0.942468300079699284,-1.051408870528026007
2.139999999999999680,0.946189666650000150,-1.053433917843736856
2.149999999999999911,0.949898121497685710,-1.055450029080338581
2.159999999999999698,0.953593751281030411,-1.057457314880026811
2.169999999999999929,0.957276642933835187,-1.059455884115887203
2.179999999999999716,0.960946883637748717,-1.061445843916351439
2.189999999999999947,0.964604560795310650,-1.063427299689426508
2.199999999999999734,0.968249762003707493,-1.065400355146690403
2.209999999999999964,0.971882575029226592,-1.067365112327057552
2.219999999999999751,0.975503087782392697,-1.069321671620311776
2.229999999999999982,0.979111388293779417,-1.071270131790404312
2.239999999999999769,0.982707564690477375,-1.073210589998515374
2.250000000000000000,0.986291705173211186,-1.075143141825884552
2.259999999999999787,0.989863897994088915,-1.077067881296397633
2.270000000000000018,0.993424231434974048,-1.078984900898941834
2.279999999999999805,0.996972793786468969,-1.080894291609524993
2.290000000000000036,1.000509673327494964,-1.082796142913148962
2.299999999999999822,1.004034958305458414,-1.084690542825454740
2.310000000000000053,1.007548736916991539,-1.086577577914125792
2.319999999999999840,1.011051097289258127,-1.088457333320052900
2.329999999999999627,1.014542127461807830,-1.090329892778263643
2.339999999999999858,1.018021915368974462,-1.092195338638615842
2.349999999999999645,1.021490548822800992,-1.094053751886251646
2.359999999999999876,1.024948115496485013,-1.095905212161817133
2.369999999999999662,1.028394702908332459,-1.097749797781450098
2.379999999999999893,1.031830398406207605,-1.099587585756527597
2.389999999999999680,1.035255289152470226,-1.101418651813182104
2.399999999999999911,1.038669462109391928,-1.103243070411588089
2.409999999999999698,1.042073004025035887,-1.105060914765011670
2.419999999999999929,1.045466001419596003,-1.106872256858632442
2.429999999999999716,1.048848540572182353,-1.108677167468135716
2.439999999999999947,1.052220707508043862,-1.110475716178074279
2.449999999999999734,1.055582587986218401,-1.112267971400005662
2.459999999999999964,1.058934267487605441,-1.114054000390399590
2.469999999999999751,1.062275831203441046,-1.115833869268325174
2.479999999999999982,1.065607364024180326,-1.117607643032910936
2.489999999999999769,1.068928950528768018,-1.119375385580585913
2.500000000000000000,1.072240674974292984,-1.121137159722096710
2.509999999999999787,1.075542621286016187,-1.122893027199311167
2.520000000000000018,1.078834873047765708,-1.124643048701798431
2.529999999999999805,1.082117513492688810,-1.126387283883197643
2.540000000000000036,1.085390625494353278,-1.128125791377371678
2.549999999999999822,1.088654291558188714,-1.129858628814346400
2.560000000000000053,1.091908593813267547,-1.131585852836042738
2.569999999999999840,1.095153614004402698,-1.133307519111795392
2.579999999999999627,1.098389433484570521,-1.135023682353668573
2.589999999999999858,1.101616133207641957,-1.136734396331561703
2.599999999999999645,1.104833793721416102,-1.138439713888117710
2.609999999999999876,1.108042495160953989,-1.140139686953421272
2.619999999999999662,1.111242317242195465,-1.141834366559504765
2.629999999999999893,1.114433339255864075,-1.143523802854649940
2.639999999999999680,1.117615640061643045,-1.145208045117496853
2.649999999999999911,1.120789298082625063,-1.146887141770958074
2.659999999999999698,1.123954391300016509,-1.148561140395937707
2.669999999999999929,1.127110997248106372,-1.150230087744863017
2.679999999999999716,1.130259193009476526,-1.151894029755023974
2.689999999999999947,1.133399055210462025,-1.153553011561729402
2.699999999999999734,1.136530660016842775,-1.155207077511274605
2.709999999999999964,1.139654083129771234,-1.156856271173730022
2.719999999999999751,1.142769399781921491,-1.158500635355542929
2.729999999999999982,1.145876684733859729,-1.160140212111966829
2.739999999999999769,1.148976012270630287,-1.161775042759308540
2.750000000000000000,1.152067456198546447,-1.163405167887002545
2.759999999999999787,1.155151089842187062,-1.165030627369509686
2.770000000000000018,1.158226986041590800,-1.166651460378047123
2.779999999999999805,1.161295217149640679,-1.168267705392146416
2.790000000000000036,1.164355855029639786,-1.169879400211046638
2.799999999999999822,1.167408971053065736,-1.171486581964918727
2.810000000000000053,1.170454636097504109,-1.173089287125927527
2.819999999999999840,1.173492920544757290,-1.174687551519132844
2.829999999999999627,1.176523894279116966,-1.176281410333230415
2.839999999999999858,1.179547626685802486,-1.177870898131131883
2.849999999999999645,1.182564186649558202,-1.179456048860393791
2.859999999999999876,1.185573642553407359,-1.181036895863486480
2.869999999999999662,1.188576062277550749,-1.182613471887917322
2.879999999999999893,1.191571513198417920,-1.184185809096196085
2.889999999999999680,1.194560062187855598,-1.185753939075657293
2.899999999999999911,1.197541775612457338,-1.187317892848134049
2.909999999999999698,1.200516719333024396,-1.188877700879484633
2.919999999999999929,1.203484958704158725,-1.190433393088980329
2.929999999999999716,1.206446558573981642,-1.191984998858548028
2.939999999999999947,1.209401583283973958,-1.193532547041874725
2.949999999999999734,1.212350096668937338,-1.195076065973375457
2.959999999999999964,1.215292162057068914,-1.196615583477023126
2.969999999999999751,1.218227842270150019,-1.198151126875044215
2.979999999999999982,1.221157199623840173,-1.199682722996486373
2.989999999999999769,1.224080295928080320,-1.201210398185647454
3.000000000000000000,1.226997192487594646,-1.202734178310381985
3.009999999999999787,1.229907950102493652,-1.204254088770279285
3.020000000000000018,1.232812629068971377,-1.205770154504712588
3.029999999999999805,1.235711289180095207,-1.207282400000769362
3.040000000000000036,1.238603989726687837,-1.208790849301052628
3.049999999999999822,1.241490789498291392,-1.210295526011370582
3.060000000000000053,1.244371746784220578,-1.211796453308297883
3.069999999999999840,1.247246919374693563,-1.213293653946626138
3.080000000000000071,1.250116364562044113,-1.214787150266696036
3.089999999999999858,1.252980139142005678,-1.216276964201615796
3.099999999999999645,1.255838299415071413,-1.217763117284366148
3.109999999999999876,1.258690901187926592,-1.219245630654796964
3.119999999999999662,1.261537999774945851,-1.220724525066509969
3.129999999999999893,1.264379649999757715,-1.222199820893636879
3.139999999999999680,1.267215906196872854,-1.223671538137511616
3.149999999999999911,1.270046822213373616,-1.225139696433233505
3.159999999999999698,1.272872451410662853,-1.226604315056131655
3.169999999999999929,1.275692846666267810,-1.228065412928124989
3.179999999999999716,1.278508060375701083,-1.229523008623979230
3.189999999999999947,1.281318144454373531,-1.230977120377471090
3.199999999999999734,1.284123150339554931,-1.232427766087449195
3.209999999999999964,1.286923128992389920,-1.233874963323799756
3.219999999999999751,1.289718130899951021,-1.235318729333319210
3.229999999999999982,1.292508206077346511,-1.236759081045491371
3.239999999999999769,1.295293404069864707,-1.238196035078174440
3.250000000000000000,1.298073773955160215,-1.239629607743192752
3.259999999999999787,1.300849364345481485,-1.241059815051844373
3.270000000000000018,1.303620223389936328,-1.242486672720317209
3.279999999999999805,1.306386398776789637,-1.243910196175017191
3.290000000000000036,1.309147937735801959,-1.245330400557815631
3.299999999999999822,1.311904887040592937,-1.246747300731205543
3.310000000000000053,1.314657293011044059,-1.248160911283380026
3.319999999999999840,1.317405201515725377,-1.249571246533224489
3.330000000000000071,1.320148657974354212,-1.250978320535233168
3.339999999999999858,1.322887707360276499,-1.252382147084340369
3.349999999999999645,1.325622394202981003,-1.253782739720677997
3.359999999999999876,1.328352762590628400,-1.255180111734252035
3.369999999999999662,1.331078856172611902,-1.256574276169545312
3.379999999999999893,1.333800718162133858,-1.257965245830046319
3.389999999999999680,1.336518391338804124,-1.259353033282699652
3.399999999999999911,1.339231918051260184,-1.260737650862289838
3.409999999999999254,1.341941340219800605,-1.262119110675747669
3.420000000000000373,1.344646699339040463,-1.263497424606390807
3.429999999999999716,1.347348036480576106,-1.264872604318090232
3.439999999999999503,1.350045392295673885,-1.266244661259373627
3.449999999999999734,1.352738807017961342,-1.267613606667456594
3.459999999999999964,1.355428320466139702,-1.268979451572209705
3.470000000000000195,1.358113972046704587,-1.270342206800060270
3.479999999999999982,1.360795800756677387,-1.271701882977829490
3.489999999999999325,1.363473845186344846,-1.273058490536504772
3.499999999999999556,1.366148143522011527,-1.274412039714951872
3.509999999999999787,1.368818733548756272,-1.275762540563565084
3.520000000000000018,1.371485652653196885,-1.277110002947854372
3.529999999999999805,1.374148937826261907,-1.278454436551977880
3.540000000000000036,1.376808625665966401,-1.279795850882209596
3.550000000000000266,1.379464752380191950,-1.281134255270353739
3.560000000000000497,1.382117353789473535,-1.282469658877101848
3.569999999999999840,1.384766465329784868,-1.283802070695332143
3.579999999999999627,1.387412122055331487,-1.285131499553353152
3.589999999999999858,1.390054358641338084,-1.286457954118096714
3.600000000000000089,1.392693209386844932,-1.287781442898254358
3.610000000000000320,1.395328708217499214,-1.289101974247360838
3.619999999999999662,1.397960888688347447,-1.290419556366827702
3.629999999999999449,1.400589783986628145,-1.291734197308925802
3.639999999999999680,1.403215426934561139,-1.293045904979716054
3.649999999999999911,1.405837849992134680,-1.294354687141931137
3.660000000000000142,1.408457085259892549,-1.295660551417810114
3.669999999999999929,1.411073164481714270,-1.296963505291883312
3.679999999999999272,1.413686119047594003,-1.298263556113711914
3.690000000000000391,1.416295979996416543,-1.299560711100577803
3.699999999999999734,1.418902778018721333,-1.300854977340131446
3.709999999999999520,1.421506543459472027,-1.302146361792994256
3.719999999999999751,1.424107306320810507,-1.303434871295314101
3.729999999999999982,1.426705096264812678,-1.304720512561279522
3.740000000000000213,1.429299942616230501,-1.306003292185590192
3.750000000000000000,1.431891874365232908,-1.307283216645887425
3.759999999999999343,1.434480920170135398,-1.308560292305138262
3.769999999999999574,1.437067108360124967,-1.309834525413983153
3.779999999999999805,1.439650466937974382,-1.311105922113043443
3.790000000000000036,1.442231023582748684,-1.312374488435185560
3.799999999999999822,1.444808805652503914,-1.313640230307747681
3.810000000000000053,1.447383840186975634,-1.314903153554733306
3.819999999999999396,1.449956153910258116,-1.316163263898957547
3.830000000000000515,1.452525773233473538,-1.317420566964165207
3.839999999999999858,1.455092724257430747,-1.318675068277105789
3.849999999999999645,1.457657032775276917,-1.319926773269577192
3.859999999999999876,1.460218724275133440,-1.321175687280431443
3.870000000000000107,1.462777823942722488,-1.322421815557546454
3.880000000000000338,1.465334356663987148,-1.323665163259762689
3.889999999999999680,1.467888347027692442,-1.324905735458788092
3.899999999999999467,1.470439819328020814,-1.326143537141067252
3.909999999999999698,1.472988797567152508,-1.327378573209620827
3.919999999999999929,1.475535305457835067,-1.328610848485849427
3.930000000000000160,1.478079366425941288,-1.329840367711308868
3.939999999999999947,1.480621003613012743,-1.331067135549453218
3.949999999999999289,1.483160239878791753,-1.332291156587347203
3.960000000000000409,1.485697097803742039,-1.333512435337348201
3.969999999999999751,1.488231599691552276,-1.334730976238759137
3.979999999999999982,1.490763767571632092,-1.335946783659452519
3.989999999999999769,1.493293623201590536,-1.337159861897464497
4.000000000000000000,1.495821188069700991,-1.338370215182563383
4.009999999999999787,1.498346483397356321,-1.339577847677785316
4.019999999999999574,1.500869530141506702,-1.340782763480949935
4.030000000000000249,1.503390348997085235,-1.341984966626143416
4.040000000000000036,1.505908960399419128,-1.343184461085175085
4.049999999999999822,1.508425384526626889,-1.344381250769012714
4.059999999999999609,1.510939641302001091,-1.345575339529187842
4.070000000000000284,1.513451750396379580,-1.346766731159178887
4.080000000000000071,1.515961731230496490,-1.347955429395765625
4.089999999999999858,1.518469602977325028,-1.349141437920363895
4.099999999999999645,1.520975384564403177,-1.350324760360332998
4.109999999999999432,1.523479094676143397,-1.351505400290261782
4.120000000000000107,1.525980751756131237,-1.352683361233229853
4.129999999999999893,1.528480374009404175,-1.353858646662047027
4.139999999999999680,1.530977979404723577,-1.355031260000468807
4.149999999999999467,1.533473585676821793,-1.356201204624393641
4.160000000000000142,1.535967210328645249,-1.357368483863032882
4.169999999999999929,1.538458870633571340,-1.358533101000064303
4.179999999999999716,1.540948583637621105,-1.359695059274760531
4.189999999999999503,1.543436366161650364,-1.360854361883102381
4.200000000000000178,1.545922234803528417,-1.362011011978865094
4.209999999999999964,1.548406205940299207,-1.363165012674689036
4.219999999999999751,1.550888295730331823,-1.364316367043130418
4.229999999999999538,1.553368520115453011,-1.365465078117691133
4.240000000000000213,1.555846894823063264,-1.366611148893829730
4.250000000000000000,1.558323435368242249,-1.367754582329956170
4.259999999999999787,1.560798157055837354,-1.368895381348404161
4.269999999999999574,1.563271074982532927,-1.370033548836388837
4.280000000000000249,1.565742204038913510,-1.371169087646944895
4.290000000000000036,1.568211558911502435,-1.372302000599847416
4.299999999999999822,1.570679154084793083,-1.373432290482516915
4.309999999999999609,1.573145003843259504,-1.374559960050904195
4.320000000000000284,1.575609122273356810,-1.375685012030363641
4.330000000000000071,1.578071523265500264,-1.376807449116502768
4.339999999999999858,1.580532220516040587,-1.377927273976024436
4.349999999999999645,1.582991227529210176,-1.379044489247545968
4.360000000000000320,1.585448557619066889,-1.380159097542407176
4.370000000000000107,1.587904223911414281,-1.381271101445459726
4.379999999999999893,1.590358239345710523,-1.382380503515844961
4.389999999999999680,1.592810616676966218,-1.383487306287753071
4.399999999999999467,1.595261368477619568,-1.384591512271172054
4.410000000000000142,1.597710507139404434,-1.385693123952618455
4.419999999999999929,1.600158044875196639,-1.386792143795854138
4.429999999999999716,1.602603993720853159,-1.387888574242594597
4.439999999999999503,1.605048365537030230,-1.388982417713196194
4.450000000000000178,1.607491172010993230,-1.390073676607334052
4.459999999999999964,1.609932424658403027,-1.391162353304667754
4.469999999999999751,1.612372134825099668,-1.392248450165490814
4.479999999999999538,1.614810313688860521,-1.393331969531369952
4.490000000000000213,1.617246972261153770,-1.394412913725771475
4.500000000000000000,1.619682121388867690,-1.395491285054672348
4.509999999999999787,1.622115771756035940,-1.396567085807165487
4.519999999999999574,1.624547933885540862,-1.397640318256046621
4.530000000000000249,1.626978618140807464,-1.398710984658392276
4.540000000000000036,1.629407834727480076,-1.399779087256128207
4.549999999999999822,1.631835593695088127,-1.400844628276581849
4.559999999999999609,1.634261904938694165,-1.401907609933026766
4.570000000000000284,1.636686778200534986,-1.402968034425218669
4.580000000000000071,1.639110223071637673,-1.404025903939911890
4.589999999999999858,1.641532248993436305,-1.405081220651377194
4.599999999999999645,1.643952865259360907,-1.406133986721898044
4.610000000000000320,1.646372081016423072,-1.407184204302265318
4.620000000000000107,1.648789905266783595,-1.408231875532255373
4.629999999999999893,1.651206346869307007,-1.409277002541102553
4.639999999999999680,1.653621414541103896,-1.410319587447961487
4.649999999999999467,1.656035116859059686,-1.411359632362356509
4.660000000000000142,1.658447462261348759,-1.412397139384625966
4.669999999999999929,1.660858459048936142,-1.413432110606354986
4.679999999999999716,1.663268115387069646,-1.414464548110799580
4.689999999999999503,1.665676439306752021,-1.415494453973302091
4.700000000000000178,1.668083438706207788,-1.416521830261695758
4.709999999999999964,1.670489121352329409,-1.417546679036705948
4.719999999999999751,1.672893494882119692,-1.418569002352337405
4.729999999999999538,1.675296566804113318,-1.419588802256255500
4.740000000000000213,1.677698344499790828,-1.420606080790159043
4.750000000000000000,1.680098835224977050,-1.421620839990145768
4.759999999999999787,1.682498046111229995,-1.422633081887067164
4.769999999999999574,1.684895984167215977,-1.423642808506882629
4.780000000000000249,1.687292656280070080,-1.424650021870994543
4.790000000000000036,1.689688069216750188,-1.425654723996586881
4.799999999999999822,1.692082229625371470,-1.426656916896950067
4.809999999999999609,1.694475144036536207,-1.427656602581800716
4.820000000000000284,1.696866818864648518,-1.428653783057593607
4.830000000000000071,1.699257260409211545,-1.429648460327826998
4.839999999999999858,1.701646474856124858,-1.430640636393341936
4.849999999999999645,1.704034468278959213,-1.431630313252612696
4.860000000000000320,1.706421246640226430,-1.432617492902031886
4.870000000000000107,1.708806815792631717,-1.433602177336189776
4.879999999999999893,1.711191181480324008,-1.434584368548145639
4.889999999999999680,1.713574349340120984,-1.435564068529693094
4.899999999999999467,1.715956324902737418,-1.436541279271620120
4.910000000000000142,1.718337113593992438,-1.437516002763963963
4.919999999999999929,1.720716720736007677,-1.438488240996254719
4.929999999999999716,1.723095151548399651,-1.439457995957761360
4.939999999999999503,1.725472411149450602,-1.440425269637724659
4.950000000000000178,1.727848504557280451,-1.441390064025587892
4.959999999999999964,1.730223436690998096,-1.442352381111221993
4.969999999999999751,1.732597212371849160,-1.443312222885144713
4.979999999999999538,1.734969836324345982,-1.444269591338733116
4.990000000000000213,1.737341313177394486,-1.445224488464432966
5.000000000000000000,1.739711647465405742,-1.446176916255962563
5.009999999999999787,1.742080843629396192,-1.447126876708509258
5.019999999999999574,1.744448906018081891,-1.448074371818923067
5.030000000000000249,1.746815838888960526,-1.449019403585906307
5.040000000000000036,1.749181646409380120,-1.449961974010194332
5.049999999999999822,1.751546332657603067,-1.450902085094736949
5.059999999999999609,1.753909901623854406,-1.451839738844870054
5.070000000000000284,1.756272357211366320,-1.452774937268486166
5.080000000000000071,1.758633703237407087,-1.453707682376200072
5.089999999999999858,1.760993943434303155,-1.454637976181505810
5.099999999999999645,1.763353081450450999,-1.455565820700937651
5.110000000000000320,1.765711120851318983,-1.456491217954218209
5.120000000000000107,1.768068065120439236,-1.457414169964406980
5.129999999999999893,1.770423917660393309,-1.458334678758045344
5.139999999999999680,1.772778681793782063,-1.459252746365293563
5.149999999999999467,1.775132360764191786,-1.460168374820069115
5.160000000000000142,1.777484957737148985,-1.461081566160175704
5.169999999999999929,1.779836475801064744,-1.461992322427432711
5.179999999999999716,1.782186917968172857,-1.462900645667798649
5.189999999999999503,1.784536287175456870,-1.463806537931491736
5.200000000000000178,1.786884586285568455,-1.464710001273106244
5.209999999999999964,1.789231818087734682,-1.465611037751726631
5.219999999999999751,1.791577985298661968,-1.466509649431035678
5.229999999999999538,1.793923090563427358,-1.467405838379423066
5.240000000000000213,1.796267136456360491,-1.468299606670086188
5.250000000000000000,1.798610125481917343,-1.469190956381130286
5.259999999999999787,1.800952060075549532,-1.470079889595665490
5.269999999999999574,1.803292942604558746,-1.470966408401900072
5.280000000000000249,1.805632775368947618,-1.471850514893229489
5.290000000000000036,1.807971560602259053,-1.472732211168324756
5.299999999999999822,1.810309300472409788,-1.473611499331214825
5.309999999999999609,1.812645997082515059,-1.474488381491369626
5.320000000000000284,1.814981652471704621,-1.475362859763776457
5.330000000000000071,1.817316268615927655,-1.476234936269017251
5.339999999999999858,1.819649847428759015,-1.477104613133339406
5.349999999999999645,1.821982390762185267,-1.477971892488725292
5.360000000000000320,1.824313900407394273,-1.478836776472962189
5.370000000000000107,1.826644378095546362,-1.479699267229703796
5.379999999999999893,1.828973825498547257,-1.480559366908533736
5.389999999999999680,1.831302244229809917,-1.481417077665025062
5.399999999999999467,1.833629635845002159,-1.482272401660794880
5.410000000000000142,1.835956001842799390,-1.483125341063562974
5.419999999999999929,1.838281343665620238,-1.483975898047200204
5.429999999999999716,1.840605662700355971,-1.484824074791780024
5.439999999999999503,1.842928960279099249,-1.485669873483626002
5.450000000000000178,1.845251237679855105,-1.486513296315355115
5.459999999999999964,1.847572496127254826,-1.487354345485923934
5.469999999999999751,1.849892736793254944,-1.488193023200666820
5.479999999999999538,1.852211960797834456,-1.489029331671334777
5.490000000000000213,1.854530169209683388,-1.489863273116134756
5.500000000000000000,1.856847363046881139,-1.490694849759761187
5.509999999999999787,1.859163543277572384,-1.491524063833428837
5.519999999999999574,1.861478710820637650,-1.492350917574905012
5.530000000000000249,1.863792866546348348,-1.493175413228537751
5.540000000000000036,1.866106011277024468,-1.493997553045281812
5.549999999999999822,1.868418145787680729,-1.494817339282724200
5.559999999999999609,1.870729270806669398,-1.495634774205107265
5.570000000000000284,1.873039387016310453,-1.496449860083349792
5.580000000000000071,1.875348495053523967,-1.497262599195066990
5.589999999999999858,1.877656595510446946,-1.498072993824588472
5.599999999999999645,1.879963688935053057,-1.498881046262974026
5.610000000000000320,1.882269775831757475,-1.499686758808028930
5.620000000000000107,1.884574856662020848,-1.500490133764315059
5.629999999999999893,1.886878931844945928,-1.501291173443165983
5.639999999999999680,1.889182001757867990,-1.502089880162693403
5.649999999999999467,1.891484066736937031,-1.502886256247796926
5.660000000000000142,1.893785127077698194,-1.503680304030170944
5.669999999999999929,1.896085183035662647,-1.504472025848310412
5.679999999999999716,1.898384234826872907,-1.505261424047513730
5.689999999999999503,1.900682282628465947,-1.506048500979887406
5.700000000000000178,1.902979326579225416,-1.506833259004346282
5.709999999999999964,1.905275366780129653,-1.507615700486612420
5.719999999999999751,1.907570403294897909,-1.508395827799215549
5.729999999999999538,1.909864436150526146,-1.509173643321490399
5.740000000000000213,1.912157465337817719,-1.509949149439571814
5.750000000000000000,1.914449490811912069,-1.510722348546390981
5.759999999999999787,1.916740512492804527,-1.511493243041667656
5.769999999999999574,1.919030530265859458,-1.512261835331904392
5.780000000000000249,1.921319543982326072,-1.513028127830377656
5.790000000000000036,1.923607553459835362,-1.513792122957127617
5.799999999999999822,1.925894558482907026,-1.514553823138948374
5.809999999999999609,1.928180558803438638,-1.515313230809374634
5.820000000000000284,1.930465554141196582,-1.516070348408671054
5.830000000000000071,1.932749544184299673,-1.516825178383817141
5.839999999999999858,1.935032528589697876,-1.517577723188492156
5.849999999999999645,1.937314506983644602,-1.518327985283059567
5.860000000000000320,1.939595478962169439,-1.519075967134552618
5.870000000000000107,1.941875444091536007,-1.519821671216652126
5.879999999999999893,1.944154401908706919,-1.520565100009672266
5.889999999999999680,1.946432351921792758,-1.521306256000538593
5.899999999999999467,1.948709293610503268,-1.522045141682769609
5.910000000000000142,1.950985226426594110,-1.522781759556453451
5.919999999999999929,1.953260149794301404,-1.523516112128227906
5.929999999999999716,1.955534063110780263,-1.524248201911256206
5.939999999999999503,1.957806965746535788,-1.524978031425204605
5.950000000000000178,1.960078857045846945,-1.525705603196218618
5.959999999999999964,1.962349736327187122,-1.526430919756895044
5.969999999999999751,1.964619602883643124,-1.527153983646259761
5.979999999999999538,1.966888455983325068,-1.527874797409739305
5.990000000000000213,1.969156294869778057,-1.528593363599134003
6.000000000000000000,1.971423118762380300,-1.529309684772590439
6.009999999999999787,1.973688926856747017,-1.530023763494573696
6.019999999999999574,1.975953718325119679,-1.530735602335835166
6.030000000000000249,1.978217492316765691,-1.531445203873387451
6.040000000000000036,1.980480247958353646,-1.532152570690469506
6.049999999999999822,1.982741984354344567,-1.532857705376520663
6.059999999999999609,1.985002700587364055,-1.533560610527143098
6.070000000000000284,1.987262395718580654,-1.534261288744075191
6.080000000000000071,1.989521068788071334,-1.534959742635155555
6.089999999999999858,1.991778718815189642,-1.535655974814292168
6.099999999999999645,1.994035344798930076,-1.536349987901426184
6.110000000000000320,1.996290945718281806,-1.537041784522501509
6.120000000000000107,1.998545520532583053,-1.537731367309425501
6.129999999999999893,2.000799068181873253,-1.538418738900037663
6.139999999999999680,2.003051587587240778,-1.539103901938072561
6.150000000000000355,2.005303077651161114,-1.539786859073124514
6.160000000000000142,2.007553537257837473,-1.540467612960609634
6.169999999999999929,2.009802965273538078,-1.541146166261731398
6.179999999999999716,2.012051360546924794,-1.541822521643440691
6.189999999999999503,2.014298721909381307,-1.542496681778401157
6.200000000000000178,2.016545048175338195,-1.543168649344949017
6.209999999999999964,2.018790338142592233,-1.543838427027054649
6.219999999999999751,2.021034590592626135,-1.544506017514285734
6.229999999999999538,2.023277804290917192,-1.545171423501766395
6.240000000000000213,2.025519977987251252,-1.545834647690138342
6.250000000000000000,2.027761110416028689,-1.546495692785521570
6.259999999999999787,2.030001200296565944,-1.547154561499474390
6.269999999999999574,2.032240246333396172,-1.547811256548951242
6.280000000000000249,2.034478247216566338,-1.548465780656265833
6.290000000000000036,2.036715201621929427,-1.549118136549045399
6.299999999999999822,2.038951108211433993,-1.549768326960194953
6.309999999999999609,2.041185965633412369,-1.550416354627850657
6.320000000000000284,2.043419772522860889,-1.551062222295342741
6.330000000000000071,2.045652527501724105,-1.551705932711149094
6.339999999999999858,2.047884229179168791,-1.552347488628857297
6.349999999999999645,2.050114876151858390,-1.552986892807120434
6.360000000000000320,2.052344467004225237,-1.553624148009613570
6.370000000000000107,2.054573000308737019,-1.554259257004992678
6.379999999999999893,2.056800474626159669,-1.554892222566851778
6.389999999999999680,2.059026888505823383,-1.555523047473676979
6.400000000000000355,2.061252240485877962,-1.556151734508807172
6.410000000000000142,2.063476529093550838,-1.556778286460389182
6.419999999999999929,2.065699752845396642,-1.557402706121331804
6.429999999999999716,2.067921910247550343,-1.558024996289264719
6.439999999999999503,2.070142999795972827,-1.558645159766493871
6.450000000000000178,2.072363019976696918,-1.559263199359958163
6.459999999999999964,2.074581969266064529,-1.559879117881183053
6.469999999999999751,2.076799846130970906,-1.560492918146237917
6.479999999999999538,2.079016649029095998,-1.561104602975691868
6.490000000000000213,2.081232376409141605,-1.561714175194568899
6.500000000000000000,2.083447026711057415,-1.562321637632302584
6.509999999999999787,2.085660598366274154,-1.562926993122691899
6.519999999999999574,2.087873089797922521,-1.563530244503857691
6.530000000000000249,2.090084499421061004,-1.564131394618195170
6.540000000000000036,2.092294825642893930,-1.564730446312331713
6.549999999999999822,2.094504066862988623,-1.565327402437079796
6.559999999999999609,2.096712221473490345,-1.565922265847392802
6.570000000000000284,2.098919287859334570,-1.566515039402320619
6.580000000000000071,2.101125264398458370,-1.567105725964963447
6.589999999999999858,2.103330149462004695,-1.567694328402426951
6.599999999999999645,2.105533941414531540,-1.568280849585776515
6.610000000000000320,2.107736638614209124,-1.568865292389993726
6.620000000000000107,2.109938239413025940,-1.569447659693928854
6.629999999999999893,2.112138742156980609,-1.570027954380257995
6.639999999999999680,2.114338145186283491,-1.570606179335434671
6.650000000000000355,2.116536446835543650,-1.571182337449648081
6.660000000000000142,2.118733645433964696,-1.571756431616774474
6.669999999999999929,2.120929739305529527,-1.572328464734334741
6.679999999999999716,2.123124726769189063,-1.572898439703446893
6.689999999999999503,2.125318606139044775,-1.573466359428782768
6.700000000000000178,2.127511375724531639,-1.574032226818520064
6.709999999999999964,2.129703033830596226,-1.574596044784300597
6.719999999999999751,2.131893578757877439,-1.575157816241182118
6.729999999999999538,2.134083008802875714,-1.575717544107593904
6.740000000000000213,2.136271322258134653,-1.576275231305293678
6.750000000000000000,2.138458517412401783,-1.576830880759319431
6.759999999999999787,2.140644592550808412,-1.577384495397945674
6.769999999999999574,2.142829545955027726,-1.577936078152639476
6.780000000000000249,2.145013375903446207,-1.578485631958014279
6.790000000000000036,2.147196080671320395,-1.579033159751784599
6.799999999999999822,2.149377658530942092,-1.579578664474722949
6.810000000000000497,2.151558107751796900,-1.580122149070612991
6.820000000000000284,2.153737426600720095,-1.580663616486206902
6.830000000000000071,2.155915613342050285,-1.581203069671178074
6.840000000000000746,2.158092666237784396,-1.581740511578080932
6.849999999999998757,2.160268583547729992,-1.582275945162300745
6.860000000000000320,2.162443363529651386,-1.582809373382014106
6.870000000000000995,2.164617004439417070,-1.583340799198141413
6.879999999999999005,2.166789504531151156,-1.583870225574304680
6.889999999999999680,2.168960862057368377,-1.584397655476783573
6.899999999999999467,2.171131075269121968,-1.584923091874467893
6.910000000000000142,2.173300142416140890,-1.585446537738818718
6.919999999999999929,2.175468061746973270,-1.585967996043821326
6.929999999999999716,2.177634831509113411,-1.586487469765940794
6.940000000000000391,2.179800449949146568,-1.587004961884081800
6.950000000000000178,2.181964915312876396,-1.587520475379541107
6.959999999999999964,2.184128225845456850,-1.588034013235968711
6.970000000000000639,2.186290379791524963,-1.588545578439318096
6.979999999999998650,2.188451375395325194,-1.589055173977810487
6.990000000000000213,2.190611210900839101,-1.589562802841886224
6.999999999999999112,2.192769884551905246,-1.590068468024163906
7.009999999999999787,2.194927394592350200,-1.590572172519397753
7.019999999999999574,2.197083739266101787,-1.591073919324434982
7.029999999999999361,2.199238916817314760,-1.591573711438171168
7.040000000000000036,2.201392925490486707,-1.592071551861511836
7.049999999999999822,2.203545763530575741,-1.592567443597325161
7.059999999999999609,2.205697429183113734,-1.593061389650404669
7.070000000000000284,2.207847920694324895,-1.593553393027423493
7.080000000000000071,2.209997236311233682,-1.594043456736894182
7.089999999999999858,2.212145374281774934,-1.594531583789127183
7.100000000000000533,2.214292332854908452,-1.595017777196188202
7.110000000000000320,2.216438110280722018,-1.595502039971856911
7.120000000000000995,2.218582704810539763,-1.595984375131587418
7.129999999999999005,2.220726114697025189,-1.596464785692462529
7.139999999999999680,2.222868338194289084,-1.596943274673158886
7.150000000000001243,2.225009373557987225,-1.597419845093902335
7.159999999999999254,2.227149219045421180,-1.597894499976425964
7.169999999999999929,2.229287872915642676,-1.598367242343933681
7.179999999999999716,2.231425333429545965,-1.598838075221055810
7.189999999999999503,2.233561598849967744,-1.599307001633810454
7.200000000000000178,2.235696667441780860,-1.599774024609565082
7.209999999999999964,2.237830537471988901,-1.600239147176993448
7.220000000000000639,2.239963207209820339,-1.600702372366037407
7.229999999999998650,2.242094674926816023,-1.601163703207867162
7.240000000000000213,2.244224938896925536,-1.601623142734842187
7.250000000000000888,2.246353997396588476,-1.602080693980471260
7.259999999999998899,2.248481848704828590,-1.602536359979372271
7.269999999999999574,2.250608491103338160,-1.602990143767237141
7.280000000000001137,2.252733922876561490,-1.603442048380787632
7.289999999999999147,2.254858142311778835,-1.603892076857740934
7.299999999999999822,2.256981147699192558,-1.604340232236769248
7.309999999999999609,2.259102937332005734,-1.604786517557462711
7.320000000000000284,2.261223509506502527,-1.605230935860288755
7.330000000000000071,2.263342862522128129,-1.605673490186557251
7.339999999999999858,2.265460994681568252,-1.606114183578380983
7.350000000000000533,2.267577904290823287,-1.606553019078637679
7.360000000000000320,2.269693589659286026,-1.606989999730934704
7.370000000000000107,2.271808049099814042,-1.607425128579568874
7.380000000000000782,2.273921280928808297,-1.607858408669491590
7.389999999999998792,2.276033283466278867,-1.608289843046270429
7.400000000000000355,2.278144055035922211,-1.608719434756055167
7.410000000000001030,2.280253593965186454,-1.609147186845535371
7.419999999999999041,2.282361898585344662,-1.609573102361911978
7.429999999999999716,2.284468967231563230,-1.609997184352854216
7.439999999999999503,2.286574798242964057,-1.610419435866466742
7.450000000000000178,2.288679389962696042,-1.610839859951254116
7.459999999999999964,2.290782740737997702,-1.611258459656083275
7.469999999999999751,2.292884848920261565,-1.611675238030150448
7.480000000000000426,2.294985712865097227,-1.612090198122943852
7.490000000000000213,2.297085330932395753,-1.612503342984208388
7.500000000000000000,2.299183701486384734,-1.612914675663912556
7.510000000000000675,2.301280822895697131,-1.613324199212212262
7.519999999999998685,2.303376693533422781,-1.613731916679416845
7.530000000000001137,2.305471311777171461,-1.614137831115954658
7.539999999999999147,2.307564676009127957,-1.614541945572337767
7.549999999999999822,2.309656784616109348,-1.614944263099130639
7.559999999999999609,2.311747635989620964,-1.615344786746911510
7.569999999999999396,2.313837228525909229,-1.615743519566245290
7.580000000000000071,2.315925560626017621,-1.616140464607643379
7.589999999999999858,2.318012630695838627,-1.616535624921535907
7.599999999999999645,2.320098437146163928,-1.616929003558234434
7.610000000000000320,2.322182978392739017,-1.617320603567901305
7.620000000000000107,2.324266252856309833,-1.617710428000516787
7.630000000000000782,2.326348258962676052,-1.618098479905846210
7.639999999999998792,2.328428995142735047,-1.618484762333406657
7.650000000000000355,2.330508459832533852,-1.618869278332436545
7.660000000000001030,2.332586651473312678,-1.619252030951862320
7.669999999999999041,2.334663568511553322,-1.619633023240266922
7.679999999999999716,2.336739209399023576,-1.620012258245858261
7.689999999999999503,2.338813572592820744,-1.620389739016437902
7.699999999999999289,2.340886656555420053,-1.620765468599369763
7.709999999999999964,2.342958459754707068,-1.621139450041549024
7.719999999999999751,2.345028980664033202,-1.621511686389370377
7.729999999999999538,2.347098217762246364,-1.621882180688699382
7.740000000000000213,2.349166169533738024,-1.622250935984839382
7.750000000000000000,2.351232834468479638,-1.622617955322503747
7.760000000000000675,2.353298211062063050,-1.622983241745783012
7.769999999999998685,2.355362297815739137,-1.623346798298117344
7.780000000000000249,2.357425093236455549,-1.623708628022265232
7.790000000000000924,2.359486595836890910,-1.624068733960274624
7.799999999999998934,2.361546804135496558,-1.624427119153453836
7.809999999999999609,2.363605716656528077,-1.624783786642340244
7.820000000000001172,2.365663331930080826,-1.625138739466674087
7.829999999999999183,2.367719648492122353,-1.625491980665367597
7.839999999999999858,2.369774664884532367,-1.625843513276477026
7.849999999999999645,2.371828379655127605,-1.626193340337175108
7.860000000000000320,2.373880791357699582,-1.626541464883719534
7.870000000000000107,2.375931898552042121,-1.626887889951429411
7.879999999999999893,2.377981699803985993,-1.627232618574653733
7.890000000000000568,2.380030193685427786,-1.627575653786744958
7.900000000000000355,2.382077378774358323,-1.627916998620030364
7.910000000000000142,2.384123253654891972,-1.628256656105787403
7.920000000000000817,2.386167816917295958,-1.628594629274212391
7.929999999999998828,2.388211067158018341,-1.628930921154398304
7.940000000000000391,2.390253002979715546,-1.629265534774302582
7.949999999999999289,2.392293622991273683,-1.629598473160724259
7.959999999999999964,2.394332925807843626,-1.629929739339277317
7.969999999999999751,2.396370910050858782,-1.630259336334361375
7.979999999999999538,2.398407574348063509,-1.630587267169139265
7.990000000000000213,2.400442917333536208,-1.630913534865508163
8.000000000000000000,2.402476937647711974,-1.631238142444075168
8.009999999999999787,2.404509633937410573,-1.631561092924131984
8.019999999999999574,2.406541004855851540,-1.631882389323628724
8.029999999999999361,2.408571049062680380,-1.632202034659148149
8.039999999999999147,2.410599765223991664,-1.632520031945882355
8.050000000000000711,2.412627152012347231,-1.632836384197606350
8.060000000000000497,2.414653208106795734,-1.633151094426652961
8.070000000000000284,2.416677932192895728,-1.633464165643890631
8.080000000000000071,2.418701322962732991,-1.633775600858696109
8.089999999999999858,2.420723379114938290,-1.634085403078933130
8.099999999999999645,2.422744099354710023,-1.634393575310924440
8.109999999999999432,2.424763482393826663,-1.634700120559433367
8.119999999999999218,2.426781526950665402,-1.635005041827634731
8.130000000000000782,2.428798231750225245,-1.635308342117093972
8.140000000000000568,2.430813595524132786,-1.635610024427744724
8.150000000000000355,2.432827617010667076,-1.635910091757863727
8.160000000000000142,2.434840294954769835,-1.636208547104047506
8.169999999999999929,2.436851628108063661,-1.636505393461191948
8.179999999999999716,2.438861615228863133,-1.636800633822467432
8.189999999999999503,2.440870255082192575,-1.637094271179297733
8.199999999999999289,2.442877546439796710,-1.637386308521336709
8.209999999999999076,2.444883488080156209,-1.637676748836445872
8.220000000000000639,2.446888078788496568,-1.637965595110673522
8.230000000000000426,2.448891317356804542,-1.638252850328232091
8.240000000000000213,2.450893202583838359,-1.638538517471477718
8.250000000000000000,2.452893733275139265,-1.638822599520886270
8.259999999999999787,2.454892908243042182,-1.639105099455035353
8.269999999999999574,2.456890726306685035,-1.639386020250578779
8.279999999999999361,2.458887186292022076,-1.639665364882230358
8.289999999999999147,2.460882287031831872,-1.639943136322739026
8.300000000000000711,2.462876027365724863,-1.640219337542872191
8.310000000000000497,2.464868406140156232,-1.640493971511390425
8.320000000000000284,2.466859422208430352,-1.640767041195031251
8.330000000000000071,2.468849074430712776,-1.641038549558485604
8.339999999999999858,2.470837361674034671,-1.641308499564380963
8.349999999999999645,2.472824282812305263,-1.641576894173260470
8.359999999999999432,2.474809836726310053,-1.641843736343560956
8.369999999999999218,2.476794022303726361,-1.642109029031595613
8.380000000000000782,2.478776838439125552,-1.642372775191534684
8.390000000000000568,2.480758284033978800,-1.642634977775385696
8.400000000000000355,2.482738357996665979,-1.642895639732973478
8.410000000000000142,2.484717059242475212,-1.643154764011923064
8.419999999999999929,2.486694386693612202,-1.643412353557638594
8.429999999999999716,2.488670339279205113,-1.643668411313287558
8.439999999999999503,2.490644915935304127,-1.643922940219779472
8.449999999999999289,2.492618115604892104,-1.644175943215749225
8.459999999999999076,2.494589937237880140,-1.644427423237539099
8.470000000000000639,2.496560379791119999,-1.644677383219179445
8.480000000000000426,2.498529442228399233,-1.644925826092371812
8.490000000000000213,2.500497123520445619,-1.645172754786470515
8.500000000000000000,2.502463422644933821,-1.645418172228466425
8.509999999999999787,2.504428338586481395,-1.645662081342968541
8.519999999999999574,2.506391870336654559,-1.645904485052186006
8.529999999999999361,2.508354016893966865,-1.646145386275912559
8.539999999999999147,2.510314777263882746,-1.646384787931508109
8.550000000000000711,2.512274150458816191,-1.646622692933884080
8.560000000000000497,2.514232135498132514,-1.646859104195484313
8.570000000000000284,2.516188731408147028,-1.647094024626269304
8.580000000000000071,2.518143937222127260,-1.647327457133699546
8.589999999999999858,2.520097751980289846,-1.647559404622722434
8.599999999999999645,2.522050174729801864,-1.647789869995750056
8.609999999999999432,2.524001204524780384,-1.648018856152649203
8.619999999999999218,2.525950840426288480,-1.648246365990722717
8.630000000000000782,2.527899081502336998,-1.648472402404691950
8.640000000000000568,2.529845926827878344,-1.648696968286686992
8.650000000000000355,2.531791375484810924,-1.648920066526224693
8.660000000000000142,2.533735426561971593,-1.649141700010198219
8.669999999999999929,2.535678079155135212,-1.649361871622859965
8.679999999999999716,2.537619332367010649,-1.649580584245805559
8.689999999999999503,2.539559185307239897,-1.649797840757962097
8.699999999999999289,2.541497637092393180,-1.650013644035571714
8.710000000000000853,2.543434686845966297,-1.650227996952173815
8.720000000000000639,2.545370333698374843,-1.650440902378597752
8.730000000000000426,2.547304576786954211,-1.650652363182942395
8.740000000000000213,2.549237415255950712,-1.650862382230564362
8.750000000000000000,2.551168848256521571,-1.651070962384063812
8.759999999999999787,2.553098874946726049,-1.651278106503271337
8.769999999999999574,2.555027494491524553,-1.651483817445233537
8.779999999999999361,2.556954706062772420,-1.651688098064197474
8.789999999999999147,2.558880508839209700,-1.651890951211600678
8.800000000000000711,2.560804902006463823,-1.652092379736055383
8.810000000000000497,2.562727884757038055,-1.652292386483336095
8.820000000000000284,2.564649456290309715,-1.652490974296366710
8.830000000000000071,2.566569615812517746,-1.652688146015207193
8.839999999999999858,2.568488362536761827,-1.652883904477040922
8.849999999999999645,2.570405695682995706,-1.653078252516160918
8.859999999999999432,2.572321614478017882,-1.653271192963959191
8.869999999999999218,2.574236118155466269,-1.653462728648913194
8.880000000000000782,2.576149205955809318,-1.653652862396572276
8.890000000000000568,2.578060877126340689,-1.653841597029549471
8.900000000000000355,2.579971130921171252,-1.654028935367503284
8.910000000000000142,2.581879966601221099,-1.654214880227132589
8.919999999999999929,2.583787383434211993,-1.654399434422157755
8.929999999999999716,2.585693380694657595,-1.654582600763315758
8.939999999999999503,2.587597957663858139,-1.654764382058342864
8.949999999999999289,2.589501113629890217,-1.654944781111967744
8.960000000000000853,2.591402847887598337,-1.655123800725896155
8.970000000000000639,2.593303159738586050,-1.655301443698802499
8.980000000000000426,2.595202048491209279,-1.655477712826317171
8.990000000000000213,2.597099513460562115,-1.655652610901017008
9.000000000000000000,2.598995553968472816,-1.655826140712412853
9.009999999999999787,2.600890169343493152,-1.655998305046938901
9.019999999999999574,2.602783358920886858,-1.656169106687944925
9.029999999999999361,2.604675122042620750,-1.656338548415679846
9.039999999999999147,2.606565458057357176,-1.656506633007288176
9.050000000000000711,2.608454366320440254,-1.656673363236794705
9.060000000000000497,2.610341846193888315,-1.656838741875096499
9.070000000000000284,2.612227897046384140,-1.657002771689952469
9.080000000000000071,2.614112518253260742,-1.657165455445972269
9.089999999999999858,2.615995709196495600,-1.657326795904609185
9.099999999999999645,2.617877469264696000,-1.657486795824147707
9.109999999999999432,2.619757797853091930,-1.657645457959694424
9.119999999999999218,2.621636694363520093,-1.657802785063170026
9.130000000000000782,2.623514158204419022,-1.657958779883297540
9.140000000000000568,2.625390188790811763,-1.658113445165596112
9.150000000000000355,2.627264785544297876,-1.658266783652367904
9.160000000000000142,2.629137947893042782,-1.658418798082692103
9.169999999999999929,2.631009675271761328,-1.658569491192415812
9.179999999999999716,2.632879967121713349,-1.658718865714142510
9.189999999999999503,2.634748822890685016,-1.658866924377226493
9.199999999999999289,2.636616242032980839,-1.659013669907762223
9.210000000000000853,2.638482224009409460,-1.659159105028575665
9.220000000000000639,2.640346768287271662,-1.659303232459217847
9.230000000000000426,2.642209874340350595,-1.659446054915954871
9.240000000000000213,2.644071541648895796,-1.659587575111758362
9.250000000000000000,2.645931769699612524,-1.659727795756301916
9.259999999999999787,2.647790557985647997,-1.659866719555946668
9.269999999999999574,2.649647906006581621,-1.660004349213738850
9.279999999999999361,2.651503813268406784,-1.660140687429399131
9.289999999999999147,2.653358279283522858,-1.660275736899316179
9.300000000000000711,2.655211303570720993,-1.660409500316538001
9.310000000000000497,2.657062885655166795,-1.660541980370764170
9.320000000000000284,2.658913025068393665,-1.660673179748340278
9.330000000000000071,2.660761721348284148,-1.660803101132247939
9.339999999999999858,2.662608974039059717,-1.660931747202099462
9.349999999999999645,2.664454782691264345,-1.661059120634131414
9.359999999999999432,2.666299146861754288,-1.661185224101193736
9.369999999999999218,2.668142066113681210,-1.661310060272747080
9.380000000000000782,2.669983540016480639,-1.661433631814853484
9.390000000000000568,2.671823568145855088,-1.661555941390171931
9.400000000000000355,2.673662150083763400,-1.661676991657945690
9.410000000000000142,2.675499285418406537,-1.661796785274005872
9.419999999999999929,2.677334973744208924,-1.661915324890753665
9.429999999999999716,2.679169214661811793,-1.662032613157163441
9.439999999999999503,2.681002007778048313,-1.662148652718769659
9.449999999999999289,2.682833352705943142,-1.662263446217664642
9.460000000000000853,2.684663249064684010,-1.662376996292490805
9.470000000000000639,2.686491696479614166,-1.662489305578434440
9.480000000000000426,2.688318694582220392,-1.662600376707220606
9.490000000000000213,2.690144243010112124,-1.662710212307107138
9.500000000000000000,2.691968341407010357,-1.662818815002877537
9.509999999999999787,2.693790989422730320,-1.662926187415837642
9.519999999999999574,2.695612186713169933,-1.663032332163808080
9.529999999999999361,2.697431932940293375,-1.663137251861118715
9.539999999999999147,2.699250227772113764,-1.663240949118604650
9.550000000000000711,2.701067070882682053,-1.663343426543600012
9.560000000000000497,2.702882461952068383,-1.663444686739931733
9.570000000000000284,2.704696400666349643,-1.663544732307916441
9.580000000000000071,2.706508886717591711,-1.663643565844354688
9.589999999999999858,2.708319919803837017,-1.663741189942523180
9.599999999999999645,2.710129499629086780,-1.663837607192174328
9.609999999999999432,2.711937625903284577,-1.663932820179528704
9.619999999999999218,2.713744298342304351,-1.664026831487270375
9.630000000000000782,2.715549516667934871,-1.664119643694542461
9.640000000000000568,2.717353280607857524,-1.664211259376942698
9.650000000000000355,2.719155589895639658,-1.664301681106519437
9.660000000000000142,2.720956444270713703,-1.664390911451765875
9.669999999999999929,2.722755843478361637,-1.664478952977616943
9.679999999999999716,2.724553787269700322,-1.664565808245443534
9.689999999999999503,2.726350275401667744,-1.664651479813050727
9.699999999999999289,2.728145307637000361,-1.664735970234670015
9.710000000000000853,2.729938883744225109,-1.664819282060958860
9.720000000000000639,2.731731003497638088,-1.664901417838995146
9.730000000000000426,2.733521666677290796,-1.664982380112272065
9.740000000000000213,2.735310873068975912,-1.665062171420696346
9.750000000000000000,2.737098622464204656,-1.665140794300583815
9.759999999999999787,2.738884914660199232,-1.665218251284654283
9.769999999999999574,2.740669749459870630,-1.665294544902030216
9.779999999999999361,2.742453126671803521,-1.665369677678231852
9.789999999999999147,2.744235046110242493,-1.665443652135172981
9.800000000000000711,2.746015507595072513,-1.665516470791160053
9.810000000000000497,2.747794510951804270,-1.665588136160886190
9.820000000000000284,2.749572056011559518,-1.665658650755429182
9.830000000000000071,2.751348142611050207,-1.665728017082248380
9.839999999999999858,2.753122770592568269,-1.665796237645180033
9.849999999999999645,2.754895939803962079,-1.665863314944438844
9.859999999999999432,2.756667650098626687,-1.665929251476606865
9.869999999999999218,2.758437901335483389,-1.665994049734638827
9.880000000000000782,2.760206693378962850,-1.666057712207855035
9.890000000000000568,2.761974026098992674,-1.666120241381938927
9.900000000000000355,2.763739899370975195,-1.666181639738934184
9.910000000000000142,2.765504313075776377,-1.666241909757244288
9.919999999999999929,2.767267267099704942,-1.666301053911627195
9.929999999999999716,2.769028761334497712,-1.666359074673194440
9.939999999999999503,2.770788795677304517,-1.666415974509407150
9.949999999999999289,2.772547370030668201,-1.666471755884076478
9.960000000000000853,2.774304484302509533,-1.666526421257357393
9.970000000000000639,2.776060138406110323,-1.666579973085750677
9.980000000000000426,2.777814332260096997,-1.666632413822096481
9.990000000000000213,2.779567065788425939,-1.666683745915575887
