# omega (eV), Re alpha(w), Im alpha(w)
0.010000000000000000,0.000064996832955735,-0.003923423808688514
0.060000000000000005,0.002178256829134699,-0.023145684912941000
0.110000000000000001,0.006510718402510142,-0.041227837347302725
0.160000000000000031,0.012189674030047266,-0.058130478603344665
0.210000000000000020,0.018761277996833851,-0.074014101726518872
0.260000000000000009,0.026010693551698501,-0.089007504009493810
0.310000000000000053,0.033811446555146257,-0.103199624788856498
0.360000000000000042,0.042070498656140543,-0.116657445178696306
0.410000000000000031,0.050713599211786732,-0.129435424386782516
0.460000000000000020,0.059680655347128922,-0.141579390910462261
0.510000000000000009,0.068922873457599038,-0.153128384988662519
0.560000000000000053,0.078400319765388943,-0.164115821141509660
0.610000000000000098,0.088079845018756778,-0.174570402930025348
0.660000000000000031,0.097933397893238835,-0.184516917534076313
0.710000000000000075,0.107936698606146173,-0.193976945172725762
0.760000000000000009,0.118068220133238005,-0.202969490119979584
0.810000000000000053,0.128308423203583905,-0.211511532342708558
0.860000000000000098,0.138639197447525092,-0.219618498488326153
0.910000000000000031,0.149043467888449938,-0.227304653357291081
0.960000000000000075,0.159504931796084243,-0.234583415967474368
1.010000000000000009,0.170007895893696165,-0.241467606822092951
1.060000000000000053,0.180537188408479737,-0.247969634631294900
1.110000000000000098,0.191078124671462929,-0.254101631478552248
1.160000000000000142,0.201616508930000299,-0.259875545418780940
1.210000000000000187,0.212138658664482893,-0.265303198958953768
1.260000000000000009,0.222631440922115842,-0.270396321010172025
1.310000000000000053,0.233082312942967856,-0.275166558880763523
1.360000000000000098,0.243479361643629572,-0.279625475825687309
1.410000000000000142,0.253811338361909444,-0.283784538658780228
1.460000000000000187,0.264067686695122039,-0.287655099018428173
1.510000000000000009,0.274238562340049341,-0.291248371076644363
1.560000000000000053,0.284314844623545393,-0.294575407802406208
1.610000000000000098,0.294288139955918349,-0.297647077328200338
1.660000000000000142,0.304150777795973826,-0.300474040513675655
1.710000000000000187,0.313895799931131092,-0.303066730439399856
1.760000000000000009,0.323516943985036221,-0.305435334282942283
1.810000000000000053,0.333008622098311113,-0.307589777815792886
1.860000000000000098,0.342365895708719503,-0.309539712600641004
1.910000000000000142,0.351584447303192715,-0.311294505853634995
1.960000000000000187,0.360660549939261776,-0.312863232856233464
2.009999999999999787,0.369591035247448296,-0.314254671748282810
2.060000000000000053,0.378373260536257805,-0.315477300501980029
2.109999999999999876,0.387005075532418530,-0.316539295859722292
2.159999999999999698,0.395484789204273490,-0.317448534013988204
2.209999999999999964,0.403811137037699108,-0.318212592810520389
2.259999999999999787,0.411983249062848111,-0.318838755265053786
2.310000000000000053,0.420000618866625708,-0.319334014196411498
2.359999999999999876,0.427863073770401114,-0.319705077793712211
2.410000000000000142,0.435570746304509260,-0.319958375951445884
2.459999999999999964,0.443124047070186766,-0.320100067222499396
2.509999999999999787,0.450523639045249724,-0.320136046255390772
2.560000000000000053,0.457770413361165585,-0.320071951597376392
2.609999999999999876,0.464865466555820395,-0.319913173759762304
2.660000000000000142,0.471810079287306006,-0.319664863455269566
2.709999999999999964,0.478605696479142140,-0.319331939929710373
2.759999999999999787,0.485253908855708682,-0.318919099321551047
2.810000000000000053,0.491756435817932602,-0.318430822993079843
2.859999999999999876,0.498115109602893236,-0.317871385785934213
2.910000000000000142,0.504331860666756837,-0.317244864161829565
2.959999999999999964,0.510408704227685583,-0.316555144196378924
3.009999999999999787,0.516347727904115428,-0.315805929400113650
3.060000000000000053,0.522151080383531196,-0.315000748346223713
3.109999999999999876,0.527820961057506421,-0.314142962089232425
3.160000000000000142,0.533359610560153796,-0.313235771362807780
3.209999999999999964,0.538769302148836560,-0.312282223548430438
3.259999999999999787,0.544052333868392801,-0.311285219409516922
3.310000000000000053,0.549211021442464919,-0.310247519588138343
3.359999999999999876,0.554247691838320122,-0.309171750863514672
3.410000000000000142,0.559164677454265013,-0.308060412173240816
3.459999999999999964,0.563964310881700293,-0.306915880399601382
3.509999999999999787,0.568648920196606955,-0.305740415924530606
3.560000000000000053,0.573220824738128631,-0.304536167957702830
3.609999999999999876,0.577682331334688381,-0.303305179642983092
3.660000000000000142,0.582035730940695051,-0.302049392949046258
3.709999999999999964,0.586283295649479785,-0.300770653350419970
3.759999999999999787,0.590427276050602967,-0.299470714305505370
3.810000000000000053,0.594469898901900939,-0.298151241538353096
3.859999999999999876,0.598413365088980909,-0.296813817131076740
3.910000000000000142,0.602259847846854379,-0.295459943433861949
3.959999999999999964,0.606011491220392551,-0.294091046799523692
4.009999999999999787,0.609670408742151393,-0.292708481149465183
4.059999999999999609,0.613238682307777561,-0.291313531377874524
4.110000000000000320,0.616718361230816248,-0.289907416600771406
4.160000000000000142,0.620111461460281399,-0.288491293256472325
4.209999999999999964,0.623419964945595595,-0.287066258063775559
4.259999999999999787,0.626645819134983739,-0.285633350844038625
4.309999999999999609,0.629790936594354256,-0.284193557213103853
4.360000000000000320,0.632857194734993689,-0.282747811148857497
4.410000000000000142,0.635846435639268015,-0.281296997439921370
4.459999999999999964,0.638760465974516078,-0.279841954020879802
4.509999999999999787,0.641601056986164320,-0.278383474199137837
4.559999999999999609,0.644369944561862140,-0.276922308778356663
4.610000000000000320,0.647068829359138453,-0.275459168083198036
4.660000000000000142,0.649699376989797961,-0.273994723889886826
4.709999999999999964,0.652263218254830135,-0.272529611266939142
4.759999999999999787,0.654761949424136680,-0.271064430330200945
4.810000000000000497,0.657197132555986885,-0.269599747916140164
4.860000000000000320,0.659570295851454214,-0.268136099177203990
4.910000000000000142,0.661882934039596305,-0.266673989102826914
4.959999999999999964,0.664136508789491709,-0.265213893969543424
5.009999999999999787,0.666332449145608852,-0.263756262723519819
5.060000000000000497,0.668472151983310225,-0.262301518298602598
5.110000000000000320,0.670556982481566699,-0.260850058872914126
5.160000000000000142,0.672588274610268932,-0.259402259066835228
5.209999999999999964,0.674567331629732370,-0.257958471085082519
5.259999999999999787,0.676495426600209226,-0.256519025805508671
5.310000000000000497,0.678373802899485678,-0.255084233817062966
5.360000000000000320,0.680203674746741815,-0.253654386409310928
5.410000000000000142,0.681986227731091077,-0.252229756515712000
5.459999999999999964,0.683722619343360982,-0.250810599612845908
5.509999999999999787,0.685413979509751803,-0.249397154577595315
5.560000000000000497,0.687061411126259625,-0.247989644504261336
5.610000000000000320,0.688665990592724819,-0.246588277483438922
5.660000000000000142,0.690228768345634403,-0.245193247344444976
5.709999999999999964,0.691750769388726594,-0.243804734362974063
5.759999999999999787,0.693232993820679044,-0.242422905935598620
5.810000000000000497,0.694676417359213150,-0.241047917222638464
5.860000000000000320,0.696081991860917348,-0.239679911760872610
5.910000000000000142,0.697450645836337202,-0.238319022047473600
5.959999999999999964,0.698783284959750506,-0.236965370096512806
6.009999999999999787,0.700080792573303134,-0.235619067969290996
6.060000000000000497,0.701344030185010570,-0.234280218279703634
6.110000000000000320,0.702573837960391856,-0.232948914675808055
6.160000000000000142,0.703771035207381601,-0.231625242298675427
6.209999999999999964,0.704936420854307411,-0.230309278219590324
6.259999999999999787,0.706070773920696060,-0.229001091856592426
6.310000000000000497,0.707174853980731988,-0.227700745371321345
6.360000000000000320,0.708249401619222452,-0.226408294047059033
6.410000000000000142,0.709295138879924236,-0.225123786648870422
6.459999999999999964,0.710312769706163971,-0.223847265766639159
6.509999999999999787,0.711302980373624161,-0.222578768141800526
6.560000000000000497,0.712266439915301475,-0.221318324978546227
6.610000000000000320,0.713203800538523613,-0.220065962240181379
6.660000000000000142,0.714115698034064494,-0.218821700931362884
6.709999999999999964,0.715002752177305245,-0.217585557366838322
6.759999999999999787,0.715865567121500512,-0.216357543427342647
6.810000000000000497,0.716704731783091464,-0.215137666803220717
6.860000000000000320,0.717520820219178290,-0.213925931226369992
6.910000000000000142,0.718314391997142310,-0.212722336691026470
6.959999999999999964,0.719085992556483422,-0.211526879663925110
7.009999999999999787,0.719836153562927961,-0.210339553284327130
7.060000000000000497,0.720565393254898101,-0.209160347554381898
7.110000000000000320,0.721274216782366917,-0.207989249520270869
7.160000000000000142,0.721963116538237748,-0.206826243444576230
7.209999999999999964,0.722632572482283630,-0.205671310970273608
7.259999999999999787,0.723283052457778575,-0.204524431276739693
7.310000000000000497,0.723915012500892296,-0.203385581228150952
7.360000000000000320,0.724528897142924233,-0.202254735514628886
7.410000000000000142,0.725125139705557142,-0.201131866786472407
7.459999999999999964,0.725704162589141277,-0.200016945781796407
7.509999999999999787,0.726266377554195541,-0.198909941447893840
7.560000000000000497,0.726812185996150717,-0.197810821056603386
7.610000000000000320,0.727341979213563028,-0.196719550313978281
7.660000000000000142,0.727856138669793706,-0.195636093464515909
7.709999999999999964,0.728355036248337528,-0.194560413390201248
7.759999999999999787,0.728839034501887140,-0.193492471704619640
7.810000000000000497,0.729308486895294594,-0.192432228842356834
7.860000000000000320,0.729763738042447319,-0.191379644143921335
7.910000000000000142,0.730205123937312184,-0.190334675936391695
7.959999999999999964,0.730632972179124485,-0.189297281610000673
8.009999999999999787,0.731047602191953194,-0.188267417690827027
8.060000000000000497,0.731449325438673914,-0.187245039909813060
8.109999999999999432,0.731838445629528822,-0.186230103268246766
8.160000000000000142,0.732215258925330903,-0.185222562099903260
8.210000000000000853,0.732580054135475445,-0.184222370129990293
8.259999999999999787,0.732933112910850060,-0.183229480531046790
8.310000000000000497,0.733274709931732382,-0.182243845975957497
8.359999999999999432,0.733605113090847971,-0.181265418688198704
8.410000000000000142,0.733924583671621833,-0.180294150489461347
8.460000000000000853,0.734233376521798764,-0.179329992844775049
8.509999999999999787,0.734531740222493568,-0.178372896905247186
8.560000000000000497,0.734819917252804933,-0.177422813548533953
8.609999999999999432,0.735098144150072241,-0.176479693417157607
8.660000000000000142,0.735366651665922078,-0.175543486954760769
8.710000000000000853,0.735625664918133970,-0.174614144440410013
8.759999999999999787,0.735875403538497563,-0.173691616021034639
8.810000000000000497,0.736116081816724277,-0.172775851742090952
8.859999999999999432,0.736347908840501719,-0.171866801576542966
8.910000000000000142,0.736571088631818083,-0.170964415452232232
8.960000000000000853,0.736785820279597825,-0.170068643277723031
9.009999999999999787,0.736992298068820273,-0.169179434966691966
9.060000000000000497,0.737190711606100169,-0.168296740460936789
9.109999999999999432,0.737381245941940766,-0.167420509752060520
9.160000000000000142,0.737564081689648043,-0.166550692901913489
9.210000000000000853,0.737739395141040921,-0.165687240061835106
9.259999999999999787,0.737907358379022993,-0.164830101490768627
9.310000000000000497,0.738068139387098254,-0.163979227572294439
9.359999999999999432,0.738221902155930865,-0.163134568830641091
9.410000000000000142,0.738368806786981358,-0.162296075945716184
9.460000000000000853,0.738509009593352528,-0.161463699767216529
9.509999999999999787,0.738642663197863647,-0.160637391327855150
9.560000000000000497,0.738769916628472245,-0.159817101855749572
9.610000000000001208,0.738890915411075655,-0.159002782786015318
9.660000000000000142,0.739005801659806227,-0.158194385771598084
9.710000000000000853,0.739114714164838094,-0.157391862693397777
9.759999999999999787,0.739217788477800397,-0.156595165669697028
9.810000000000000497,0.739315156994875822,-0.155804247064945223
9.860000000000001208,0.739406949037605621,-0.155019059497931322
9.910000000000000142,0.739493290931513947,-0.154239555849361831
9.960000000000000853,0.739574306082537047,-0.153465689268890676
10.009999999999999787,0.739650115051426083,-0.152697413181614366
10.060000000000000497,0.739720835626075712,-0.151934681294072144
10.110000000000001208,0.739786582891878708,-0.151177447599765674
10.160000000000000142,0.739847469300176086,-0.150425666384227108
10.210000000000000853,0.739903604734833742,-0.149679292229665889
10.259999999999999787,0.739955096576985993,-0.148938280019199926
10.310000000000000497,0.740002049768046288,-0.148202584940705567
10.360000000000001208,0.740044566870963649,-0.147472162490304787
10.410000000000000142,0.740082748129830437,-0.146746968475497591
10.460000000000000853,0.740116691527876402,-0.146026959017979213
10.509999999999999787,0.740146492843847037,-0.145312090556131451
10.560000000000000497,0.740172245706902987,-0.144602319847232264
10.610000000000001208,0.740194041649981038,-0.143897603969377230
10.660000000000000142,0.740211970161736565,-0.143197900323140309
10.710000000000000853,0.740226118737060679,-0.142503166632983902
10.759999999999999787,0.740236572926239234,-0.141813360948436967
10.810000000000000497,0.740243416382783237,-0.141128441645037017
10.860000000000001208,0.740246730909957629,-0.140448367425080017
10.910000000000000142,0.740246596506061061,-0.139773097318146550
10.960000000000000853,0.740243091408489651,-0.139102590681461247
11.009999999999999787,0.740236292136604801,-0.138436807200058076
11.060000000000000497,0.740226273533457380,-0.137775706886786670
11.110000000000001208,0.740213108806380249,-0.137119250082157335
11.160000000000000142,0.740196869566517979,-0.136467397454029610
11.210000000000000853,0.740177625867266320,-0.135820109997172617
11.259999999999999787,0.740155446241715698,-0.135177349032681193
11.310000000000000497,0.740130397739069745,-0.134539076207271957
11.360000000000001208,0.740102545960111935,-0.133905253492459964
11.410000000000000142,0.740071955091731737,-0.133275843183627896
11.460000000000000853,0.740038687940516637,-0.132650807898985423
11.509999999999999787,0.740002805965468524,-0.132030110578437970
11.560000000000000497,0.739964369309861092,-0.131413714482357252
11.610000000000001208,0.739923436832240822,-0.130801583190269965
11.660000000000000142,0.739880066136619940,-0.130193680599469286
11.710000000000000853,0.739834313601889004,-0.129589970923542047
11.759999999999999787,0.739786234410428900,-0.128990418690833636
11.810000000000000497,0.739735882576004311,-0.128394988742847688
11.860000000000001208,0.739683310970908781,-0.127803646232579032
11.910000000000000142,0.739628571352419550,-0.127216356622795734
11.960000000000000853,0.739571714388555068,-0.126633085684265650
12.009999999999999787,0.739512789683150595,-0.126053799493934415
12.060000000000000497,0.739451845800323304,-0.125478464433059739
12.110000000000001208,0.739388930288264468,-0.124907047185303113
12.160000000000000142,0.739324089702455556,-0.124339514734783468
12.210000000000000853,0.739257369628256833,-0.123775834364094284
12.259999999999999787,0.739188814702935071,-0.123215973652290464
12.310000000000000497,0.739118468637125492,-0.122659900472844668
12.360000000000001208,0.739046374235749259,-0.122107582991578284
12.410000000000000142,0.738972573418394618,-0.121558989664564465
12.460000000000000853,0.738897107239168460,-0.121014089236013173
12.509999999999999787,0.738820015906092920,-0.120472850736135742
12.560000000000000497,0.738741338799932423,-0.119935243478990844
12.610000000000001208,0.738661114492641824,-0.119401237060315413
12.660000000000000142,0.738579380765272853,-0.118870801355342781
12.710000000000000853,0.738496174625475676,-0.118343906516609157
12.759999999999999787,0.738411532324551034,-0.117820522971749608
12.810000000000000497,0.738325489374071831,-0.117300621421285653
12.860000000000001208,0.738238080562110599,-0.116784172836407574
12.910000000000000142,0.738149339969054741,-0.116271148456750295
12.960000000000000853,0.738059300983020194,-0.115761519788164666
13.009999999999999787,0.737967996314898622,-0.115255258600488159
13.060000000000000497,0.737875458013040331,-0.114752336925314530
13.110000000000001208,0.737781717477576815,-0.114252727053760231
13.160000000000000142,0.737686805474371154,-0.113756401534233845
13.210000000000000853,0.737590752148656770,-0.113263333170209701
13.259999999999999787,0.737493587038347331,-0.112773495018001033
13.310000000000000497,0.737395339086981405,-0.112286860384537945
13.360000000000001208,0.737296036656423515,-0.111803402825150652
13.410000000000000142,0.737195707539199829,-0.111323096141361724
13.460000000000000853,0.737094378970566844,-0.110845914378675942
13.509999999999999787,0.736992077640291954,-0.110371831824387576
13.560000000000000497,0.736888829704137938,-0.109900823005389697
13.610000000000001208,0.736784660795106849,-0.109432862685991034
13.660000000000000142,0.736679596034365169,-0.108967925865745330
13.710000000000000853,0.736573660041970224,-0.108505987777289939
13.759999999999999787,0.736466876947299842,-0.108047023884193238
13.810000000000000497,0.736359270399259414,-0.107591009878810664
13.860000000000001208,0.736250863576255021,-0.107137921680158107
13.910000000000000142,0.736141679195903120,-0.106687735431790026
13.960000000000000853,0.736031739524550033,-0.106240427499693924
14.009999999999999787,0.735921066386560074,-0.105795974470195481
14.060000000000000497,0.735809681173370422,-0.105354353147876181
14.110000000000001208,0.735697604852372455,-0.104915540553505937
14.160000000000000142,0.735584857975547846,-0.104479513921984402
14.210000000000000853,0.735471460687962986,-0.104046250700302351
14.259999999999999787,0.735357432735990524,-0.103615728545509253
14.310000000000000497,0.735242793475427314,-0.103187925322703100
14.360000000000001208,0.735127561879379776,-0.102762819103028771
14.410000000000000142,0.735011756545972506,-0.102340388161689652
14.460000000000000853,0.734895395705903898,-0.101920610975980749
14.509999999999999787,0.734778497229817695,-0.101503466223330299
14.560000000000000497,0.734661078635515996,-0.101088932779356849
14.610000000000001208,0.734543157095003063,-0.100676989715945880
14.660000000000000142,0.734424749441382918,-0.100267616299336157
14.710000000000000853,0.734305872175593177,-0.099860791988224146
14.759999999999999787,0.734186541473009324,-0.099456496431884367
14.810000000000000497,0.734066773189870903,-0.099054709468301042
14.860000000000001208,0.733946582869605457,-0.098655411122322137
14.910000000000000142,0.733825985748977061,-0.098258581603820408
14.960000000000000853,0.733704996764133255,-0.097864201305878182
15.009999999999999787,0.733583630556499555,-0.097472250802980873
15.060000000000000497,0.733461901478539735,-0.097082710849232631
15.110000000000001208,0.733339823599429841,-0.096695562376578531
15.160000000000000142,0.733217410710559458,-0.096310786493053413
15.210000000000000853,0.733094676330945938,-0.095928364481037046
15.259999999999999787,0.732971633712533821,-0.095548277795530864
15.310000000000000497,0.732848295845361819,-0.095170508062445452
15.360000000000001208,0.732724675462639530,-0.094795037076908548
15.410000000000000142,0.732600785045698588,-0.094421846801583470
15.460000000000000853,0.732476636828856775,-0.094050919365007327
15.509999999999999787,0.732352242804163112,-0.093682237059940970
15.560000000000000497,0.732227614726051357,-0.093315782341738554
15.610000000000001208,0.732102764115903359,-0.092951537826727548
15.660000000000000142,0.731977702266501273,-0.092589486290607759
15.710000000000000853,0.731852440246383407,-0.092229610666863235
15.759999999999999787,0.731726988904151776,-0.091871894045190958
15.810000000000000497,0.731601358872617347,-0.091516319669942642
15.860000000000001208,0.731475560572932948,-0.091162870938584592
15.910000000000000142,0.731349604218597071,-0.090811531400168052
15.960000000000000853,0.731223499819381506,-0.090462284753818373
16.010000000000001563,0.731097257185197691,-0.090115114847236347
16.060000000000002274,0.730970885929850489,-0.089770005675217049
16.110000000000002984,0.730844395474752662,-0.089426941378178304
16.160000000000003695,0.730717795052543972,-0.089085906240709278
16.210000000000000853,0.730591093710620809,-0.088746884690128855
16.260000000000001563,0.730464300314638493,-0.088409861295061523
16.310000000000002274,0.730337423551896792,-0.088074820764025272
16.360000000000002984,0.730210471934690908,-0.087741747944034346
16.410000000000003695,0.730083453803565763,-0.087410627819216727
16.460000000000000853,0.729956377330538309,-0.087081445509444314
16.510000000000001563,0.729829250522227246,-0.086754186268976421
16.560000000000002274,0.729702081222938115,-0.086428835485119634
16.610000000000002984,0.729574877117670773,-0.086105378676897174
16.660000000000003695,0.729447645735084027,-0.085783801493735892
16.710000000000000853,0.729320394450392873,-0.085464089714163929
16.760000000000001563,0.729193130488213215,-0.085146229244521948
16.810000000000002274,0.729065860925336651,-0.084830206117687795
16.860000000000002984,0.728938592693475940,-0.084516006491814982
16.910000000000003695,0.728811332581930427,-0.084203616649082269
16.960000000000000853,0.728684087240223155,-0.083893022994459124
17.010000000000001563,0.728556863180660153,-0.083584212054479107
17.060000000000002274,0.728429666780870066,-0.083277170476030060
17.110000000000002984,0.728302504286260532,-0.082971885025156289
17.160000000000003695,0.728175381812469769,-0.082668342585869595
17.210000000000000853,0.728048305347724467,-0.082366530158977311
17.260000000000001563,0.727921280755186251,-0.082066434860918844
17.310000000000002274,0.727794313775245838,-0.081768043922616759
17.360000000000002984,0.727667410027744932,-0.081471344688337638
17.410000000000003695,0.727540575014213098,-0.081176324614565143
17.460000000000000853,0.727413814120004054,-0.080882971268888118
17.510000000000001563,0.727287132616416310,-0.080591272328894722
17.560000000000002274,0.727160535662792595,-0.080301215581081387
17.610000000000002984,0.727034028308531255,-0.080012788919774036
17.660000000000003695,0.726907615495113402,-0.079725980346058281
17.710000000000000853,0.726781302058047807,-0.079440777966720125
17.760000000000001563,0.726655092728809127,-0.079157169993202298
17.810000000000002274,0.726528992136718177,-0.078875144740565700
17.860000000000002984,0.726403004810807107,-0.078594690626464736
17.910000000000003695,0.726277135181633171,-0.078315796170136107
17.960000000000000853,0.726151387583063523,-0.078038449991390951
18.010000000000001563,0.726025766254035143,-0.077762640809623723
18.060000000000002274,0.725900275340263801,-0.077488357442828906
18.110000000000002984,0.725774918895944254,-0.077215588806630722
18.160000000000003695,0.725649700885397042,-0.076944323913317458
18.210000000000000853,0.725524625184697958,-0.076674551870891228
18.260000000000001563,0.725399695583277215,-0.076406261882125917
18.310000000000002274,0.725274915785479091,-0.076139443243633934
18.360000000000002984,0.725150289412107352,-0.075874085344945219
18.410000000000003695,0.725025820001931942,-0.075610177667593439
18.460000000000000853,0.724901511013158362,-0.075347709784213124
18.510000000000001563,0.724777365824909370,-0.075086671357645157
18.560000000000002274,0.724653387738627197,-0.074827052140054348
18.610000000000002984,0.724529579979479865,-0.074568841972051450
18.660000000000003695,0.724405945697756626,-0.074312030781831948
18.710000000000000853,0.724282487970196454,-0.074056608584313496
18.760000000000001563,0.724159209801321979,-0.073802565480293944
18.810000000000002274,0.724036114124739560,-0.073549891655609032
18.860000000000002984,0.723913203804434136,-0.073298577380302654
18.910000000000003695,0.723790481636003125,-0.073048613007808016
18.960000000000000853,0.723667950347896993,-0.072799988974133020
19.010000000000001563,0.723545612602639276,-0.072552695797055144
19.060000000000002274,0.723423470998007079,-0.072306724075329912
19.110000000000002984,0.723301528068196142,-0.072062064487899591
19.160000000000003695,0.723179786284970261,-0.071818707793116832
19.210000000000004405,0.723058248058794595,-0.071576644827972394
19.260000000000001563,0.722936915739936015,-0.071335866507333673
19.310000000000002274,0.722815791619541681,-0.071096363823188624
19.360000000000002984,0.722694877930716295,-0.070858127843902233
19.410000000000003695,0.722574176849568595,-0.070621149713473066
19.460000000000004405,0.722453690496239864,-0.070385420650806649
19.510000000000001563,0.722333420935901915,-0.070150931948988998
19.560000000000002274,0.722213370179777936,-0.069917674974572658
19.610000000000002984,0.722093540186090510,-0.069685641166866971
19.660000000000003695,0.721973932861028511,-0.069454822037238670
19.710000000000004405,0.721854550059695232,-0.069225209168417984
19.760000000000001563,0.721735393587022434,-0.068996794213810775
19.810000000000002274,0.721616465198683721,-0.068769568896823050
19.860000000000002984,0.721497766601992496,-0.068543525010185360
19.910000000000003695,0.721379299456759382,-0.068318654415290600
19.960000000000004405,0.721261065376168742,-0.068094949041535027
20.010000000000001563,0.721143065927627225,-0.067872400885665873
20.060000000000002274,0.721025302633583220,-0.067651002011141562
20.110000000000002984,0.720907776972340653,-0.067430744547488514
20.160000000000003695,0.720790490378880877,-0.067211620689675317
20.210000000000004405,0.720673444245630512,-0.066993622697484850
20.260000000000001563,0.720556639923240483,-0.066776742894899807
20.310000000000002274,0.720440078721353183,-0.066560973669488793
20.360000000000002984,0.720323761909341997,-0.066346307471803576
20.410000000000003695,0.720207690717050930,-0.066132736814779935
20.460000000000004405,0.720091866335517694,-0.065920254273144033
20.510000000000001563,0.719976289917671819,-0.065708852482828609
20.560000000000002274,0.719860962579041974,-0.065498524140390993
20.610000000000002984,0.719745885398437424,-0.065289262002441464
20.660000000000003695,0.719631059418616048,-0.065081058885072512
20.710000000000004405,0.719516485646953363,-0.064873907663299563
20.760000000000001563,0.719402165056086229,-0.064667801270502451
20.810000000000002274,0.719288098584554225,-0.064462732697876779
20.860000000000002984,0.719174287137417712,-0.064258694993887727
20.910000000000003695,0.719060731586897095,-0.064055681263732844
20.960000000000004405,0.718947432772939155,-0.063853684668806421
21.010000000000001563,0.718834391503856307,-0.063652698426173868
21.060000000000002274,0.718721608556889602,-0.063452715808047247
21.110000000000002984,0.718609084678772936,-0.063253730141269476
21.160000000000003695,0.718496820586315921,-0.063055734806802669
21.210000000000004405,0.718384816966954998,-0.062858723239220898
21.260000000000001563,0.718273074479297446,-0.062662688926209936
21.310000000000002274,0.718161593753656513,-0.062467625408071020
21.360000000000002984,0.718050375392573770,-0.062273526277229561
21.410000000000003695,0.717939419971350357,-0.062080385177750677
21.460000000000004405,0.717828728038546915,-0.061888195804856619
21.510000000000001563,0.717718300116476526,-0.061696951904452374
21.560000000000002274,0.717608136701719634,-0.061506647272654341
21.610000000000002984,0.717498238265575239,-0.061317275755324134
21.660000000000003695,0.717388605254568712,-0.061128831247607728
21.710000000000004405,0.717279238090895221,-0.060941307693478414
21.760000000000001563,0.717170137172887689,-0.060754699085285344
21.810000000000002274,0.717061302875472317,-0.060568999463306683
21.860000000000002984,0.716952735550592468,-0.060384202915305642
21.910000000000003695,0.716844435527674850,-0.060200303576094398
21.960000000000004405,0.716736403114028309,-0.060017295627099135
22.010000000000001563,0.716628638595286360,-0.059835173295931077
22.060000000000002274,0.716521142235807429,-0.059653930855962857
22.110000000000002984,0.716413914279083852,-0.059473562625905967
22.160000000000003695,0.716306954948151664,-0.059294062969397487
22.210000000000004405,0.716200264445972068,-0.059115426294585272
22.260000000000001563,0.716093842955815796,-0.058937647053722828
22.310000000000002274,0.715987690641656904,-0.058760719742764304
22.360000000000002984,0.715881807648533930,-0.058584638900965859
22.410000000000003695,0.715776194102919705,-0.058409399110489438
22.460000000000004405,0.715670850113083179,-0.058234994996013097
22.510000000000001563,0.715565775769441359,-0.058061421224341936
22.560000000000002274,0.715460971144910807,-0.057888672504025782
22.610000000000002984,0.715356436295246034,-0.057716743584979177
22.660000000000003695,0.715252171259384673,-0.057545629258106488
22.710000000000004405,0.715148176059766438,-0.057375324354929383
22.760000000000001563,0.715044450702664203,-0.057205823747218353
22.810000000000002274,0.714940995178506400,-0.057037122346629505
22.860000000000002984,0.714837809462184559,-0.056869215104343854
22.910000000000003695,0.714734893513374048,-0.056702097010708691
22.960000000000004405,0.714632247276819177,-0.056535763094885907
23.010000000000001563,0.714529870682650392,-0.056370208424501300
23.060000000000002274,0.714427763646664382,-0.056205428105298862
23.110000000000002984,0.714325926070619732,-0.056041417280797284
23.160000000000003695,0.714224357842521473,-0.055878171131950816
23.210000000000004405,0.714123058836890756,-0.055715684876813082
23.260000000000001563,0.714022028915045182,-0.055553953770205278
23.310000000000002274,0.713921267925371805,-0.055392973103385680
23.360000000000002984,0.713820775703584709,-0.055232738203725068
23.410000000000003695,0.713720552072986791,-0.055073244434382232
23.460000000000004405,0.713620596844730337,-0.054914487193986720
23.510000000000001563,0.713520909818058935,-0.054756461916320817
23.560000000000002274,0.713421490780567047,-0.054599164070006895
23.610000000000002984,0.713322339508430714,-0.054442589158197927
23.660000000000003695,0.713223455766651027,-0.054286732718269996
23.710000000000004405,0.713124839309297598,-0.054131590321518416
23.760000000000001563,0.713026489879720726,-0.053977157572858335
23.810000000000002274,0.712928407210796422,-0.053823430110524331
23.860000000000002984,0.712830591025136129,-0.053670403605777871
23.910000000000003695,0.712733041035316206,-0.053518073762614519
23.960000000000004405,0.712635756944084986,-0.053366436317474640
24.010000000000001563,0.712538738444577602,-0.053215487038957565
24.060000000000002274,0.712441985220527596,-0.053065221727538629
24.110000000000002984,0.712345496946462320,-0.052915636215287561
24.160000000000003695,0.712249273287910101,-0.052766726365592251
24.210000000000004405,0.712153313901608742,-0.052618488072882254
24.260000000000001563,0.712057618435671724,-0.052470917262357669
24.310000000000002274,0.711962186529805585,-0.052324009889718949
24.360000000000002984,0.711867017815486447,-0.052177761940899639
24.410000000000003695,0.711772111916142314,-0.052032169431803069
24.460000000000004405,0.711677468447344252,-0.051887228408039623
24.510000000000001563,0.711583087016971705,-0.051742934944668674
24.560000000000002274,0.711488967225393121,-0.051599285145940497
24.610000000000002984,0.711395108665645148,-0.051456275145043993
24.660000000000003695,0.711301510923593283,-0.051313901103853282
24.710000000000004405,0.711208173578095737,-0.051172159212680091
24.760000000000001563,0.711115096201173302,-0.051031045690026491
24.810000000000002274,0.711022278358169557,-0.050890556782340030
24.860000000000002984,0.710929719607911292,-0.050750688763772846
24.910000000000003695,0.710837419502847623,-0.050611437935941618
24.960000000000004405,0.710745377589227068,-0.050472800627690266
25.010000000000001563,0.710653593407225448,-0.050334773194855610
25.060000000000002274,0.710562066491101874,-0.050197352020034017
25.110000000000002984,0.710470796369355284,-0.050060533512352165
25.160000000000003695,0.710379782564840578,-0.049924314107237210
25.210000000000004405,0.710289024594931595,-0.049788690266192884
25.260000000000001563,0.710198521971646235,-0.049653658476574380
25.310000000000002274,0.710108274201786793,-0.049519215251367661
25.360000000000002984,0.710018280787069078,-0.049385357128969638
25.410000000000003695,0.709928541224257525,-0.049252080672970676
25.460000000000004405,0.709839055005279329,-0.049119382471940157
25.510000000000001563,0.709749821617377208,-0.048987259139212994
25.560000000000002274,0.709660840543205329,-0.048855707312678784
25.610000000000002984,0.709572111260964977,-0.048724723654572200
25.660000000000003695,0.709483633244518574,-0.048594304851266666
25.710000000000004405,0.709395405963517134,-0.048464447613069235
25.760000000000001563,0.709307428883500846,-0.048335148674017343
25.810000000000002274,0.709219701466022201,-0.048206404791678363
25.860000000000002984,0.709132223168752795,-0.048078212746948804
25.910000000000003695,0.709044993445599014,-0.047950569343859870
25.960000000000004405,0.708958011746796513,-0.047823471409379009
26.010000000000001563,0.708871277519033782,-0.047696915793218858
26.060000000000002274,0.708784790205537529,-0.047570899367643880
26.110000000000002984,0.708698549246184806,-0.047445419027281832
26.160000000000003695,0.708612554077608037,-0.047320471688935335
26.210000000000004405,0.708526804133275734,-0.047196054291395090
26.260000000000001563,0.708441298843606848,-0.047072163795256361
26.310000000000002274,0.708356037636060143,-0.046948797182735168
26.360000000000002984,0.708271019935220458,-0.046825951457488690
26.410000000000003695,0.708186245162896189,-0.046703623644435366
26.460000000000004405,0.708101712738213651,-0.046581810789576697
26.510000000000001563,0.708017422077695580,-0.046460509959822767
26.560000000000002274,0.707933372595353938,-0.046339718242817282
26.610000000000002984,0.707849563702772744,-0.046219432746764495
26.660000000000003695,0.707765994809195997,-0.046099650600259105
26.710000000000004405,0.707682665321603843,-0.045980368952117039
26.760000000000001563,0.707599574644794838,-0.045861584971207014
26.810000000000002274,0.707516722181469992,-0.045743295846285198
26.860000000000002984,0.707434107332308715,-0.045625498785829909
26.910000000000003695,0.707351729496037973,-0.045508191017878973
26.960000000000004405,0.707269588069512234,-0.045391369789868824
27.010000000000001563,0.707187682447796284,-0.045275032368473002
27.060000000000002274,0.707106012024227404,-0.045159176039445185
27.110000000000002984,0.707024576190478204,-0.045043798107461369
27.160000000000003695,0.706943374336650221,-0.044928895895964487
27.210000000000004405,0.706862405851316988,-0.044814466747010659
27.260000000000001563,0.706781670121614525,-0.044700508021116518
27.310000000000002274,0.706701166533285852,-0.044587017097107072
27.360000000000002984,0.706620894470762040,-0.044473991371967128
27.410000000000003695,0.706540853317220718,-0.044361428260692150
27.460000000000004405,0.706461042454644250,-0.044249325196141873
27.510000000000001563,0.706381461263884569,-0.044137679628893881
27.560000000000002274,0.706302109124722244,-0.044026489027099394
27.610000000000002984,0.706222985415934312,-0.043915750876340934
27.660000000000003695,0.706144089515338247,-0.043805462679490155
27.710000000000004405,0.706065420799856125,-0.043695621956567510
27.760000000000001563,0.705986978645570251,-0.043586226244603246
27.810000000000002274,0.705908762427776337,-0.043477273097499949
27.860000000000002984,0.705830771521044786,-0.043368760085895297
27.910000000000003695,0.705753005299257774,-0.043260684797028236
27.960000000000004405,0.705675463135675640,-0.043153044834602999
28.010000000000001563,0.705598144402987404,-0.043045837818657950
28.060000000000002274,0.705521048473347734,-0.042939061385433491
28.110000000000002984,0.705444174718435346,-0.042832713187241814
28.160000000000003695,0.705367522509503742,-0.042726790892337364
28.210000000000004405,0.705291091217429500,-0.042621292184789598
28.260000000000001563,0.705214880212739148,-0.042516214764355874
28.310000000000002274,0.705138888865679436,-0.042411556346354788
28.360000000000002984,0.705063116546250090,-0.042307314661544186
28.410000000000003695,0.704987562624248998,-0.042203487455995191
28.460000000000004405,0.704912226469302627,-0.042100072490971668
28.510000000000001563,0.704837107450944189,-0.041997067542807881
28.560000000000002274,0.704762204938606196,-0.041894470402790172
28.610000000000002984,0.704687518301705618,-0.041792278877035807
28.660000000000003695,0.704613046909646323,-0.041690490786377682
28.710000000000004405,0.704538790131882142,-0.041589103966244795
28.760000000000001563,0.704464747337954056,-0.041488116266548955
28.810000000000002274,0.704390917897508517,-0.041387525551569035
28.860000000000002984,0.704317301180351518,-0.041287329699837047
28.910000000000003695,0.704243896556485227,-0.041187526604025859
28.960000000000004405,0.704170703396126973,-0.041088114170838207
29.010000000000001563,0.704097721069762872,-0.040989090320895219
29.060000000000002274,0.704024948948168916,-0.040890452988627410
29.110000000000002984,0.703952386402447061,-0.040792200122165133
29.160000000000003695,0.703880032804057754,-0.040694329683232826
29.210000000000004405,0.703807887524857678,-0.040596839647040174
29.260000000000001563,0.703735949937119520,-0.040499728002178249
29.310000000000002274,0.703664219413571157,-0.040402992750513310
29.360000000000002984,0.703592695327426854,-0.040306631907083938
29.410000000000003695,0.703521377052401475,-0.040210643499997679
29.460000000000004405,0.703450263962763334,-0.040115025570329296
29.510000000000001563,0.703379355433339404,-0.040019776172019558
29.560000000000002274,0.703308650839557070,-0.039924893371775023
29.610000000000002984,0.703238149557468328,-0.039830375248969610
29.660000000000003695,0.703167850963769547,-0.039736219895544177
29.710000000000004405,0.703097754435832667,-0.039642425415911862
29.760000000000001563,0.703027859351730289,-0.039548989926858735
29.810000000000002274,0.702958165090265097,-0.039455911557449395
29.860000000000002984,0.702888671030982515,-0.039363188448931920
29.910000000000003695,0.702819376554202457,-0.039270818754643950
29.960000000000004405,0.702750281041037872,-0.039178800639918757
30.010000000000001563,0.702681383873426935,-0.039087132281992981
30.060000000000002274,0.702612684434145596,-0.038995811869915471
30.110000000000002984,0.702544182106831561,-0.038904837604456420
30.160000000000003695,0.702475876276003608,-0.038814207698016509
30.210000000000004405,0.702407766327087679,-0.038723920374538277
30.260000000000001563,0.702339851646436863,-0.038633973869418081
30.310000000000002274,0.702272131621340501,-0.038544366429417949
30.360000000000002984,0.702204605640061041,-0.038455096312578124
30.410000000000003695,0.702137273091838932,-0.038366161788132160
30.460000000000004405,0.702070133366913152,-0.038277561136420286
30.510000000000001563,0.702003185856554413,-0.038189292648805967
30.560000000000002274,0.701936429953055385,-0.038101354627591025
30.610000000000002984,0.701869865049764119,-0.038013745385933044
30.660000000000003695,0.701803490541115682,-0.037926463247762554
30.710000000000004405,0.701737305822614177,-0.037839506547701053
30.760000000000001563,0.701671310290875483,-0.037752873630981384
30.810000000000002274,0.701605503343641690,-0.037666562853365712
30.860000000000002984,0.701539884379773993,-0.037580572581067034
30.910000000000003695,0.701474452799294657,-0.037494901190669054
30.960000000000004405,0.701409208003387352,-0.037409547069049816
31.010000000000001563,0.701344149394415139,-0.037324508613302394
31.060000000000002274,0.701279276375930238,-0.037239784230658629
31.110000000000002984,0.701214588352695123,-0.037155372338413484
31.160000000000003695,0.701150084730685630,-0.037071271363848239
31.210000000000004405,0.701085764917115606,-0.036987479744156643
31.260000000000001563,0.701021628320439794,-0.036903995926370177
31.310000000000002274,0.700957674350371818,-0.036820818367284271
31.360000000000002984,0.700893902417889514,-0.036737945533385837
31.410000000000003695,0.700830311935256689,-0.036655375900780225
31.460000000000004405,0.700766902316024010,-0.036573107955120004
31.510000000000001563,0.700703672975046543,-0.036491140191533440
31.560000000000002274,0.700640623328491863,-0.036409471114554615
31.610000000000002984,0.700577752793848596,-0.036328099238052074
31.660000000000003695,0.700515060789949184,-0.036247023085161117
31.710000000000004405,0.700452546736952897,-0.036166241188214404
31.760000000000001563,0.700390210056386908,-0.036085752088673352
31.810000000000002274,0.700328050171126981,-0.036005554337060951
31.860000000000002984,0.700266066505437768,-0.035925646492895300
31.910000000000003695,0.700204258484945385,-0.035846027124621892
31.960000000000004405,0.700142625536676610,-0.035766694809549339
32.009999999999998010,0.700081167089046996,-0.035687648133782383
32.060000000000002274,0.700019882571883634,-0.035608885692158296
32.109999999999999432,0.699958771416420156,-0.035530406088182379
32.159999999999996589,0.699897833055316276,-0.035452207933964287
32.210000000000000853,0.699837066922655793,-0.035374289850154790
32.259999999999998010,0.699776472453947362,-0.035296650465883109
32.310000000000002274,0.699716049086159031,-0.035219288418694844
32.359999999999999432,0.699655796257689921,-0.035142202354491496
32.409999999999996589,0.699595713408407427,-0.035065390927467188
32.460000000000000853,0.699535799979621231,-0.034988852800050353
32.509999999999998010,0.699476055414125497,-0.034912586642842351
32.560000000000002274,0.699416479156173887,-0.034836591134558788
32.609999999999999432,0.699357070651502544,-0.034760864961969805
32.659999999999996589,0.699297829347326427,-0.034685406819842515
32.710000000000000853,0.699238754692356079,-0.034610215410881565
32.759999999999998010,0.699179846136778194,-0.034535289445672794
32.810000000000002274,0.699121103132296362,-0.034460627642626029
32.859999999999999432,0.699062525132105206,-0.034386228727917918
32.909999999999996589,0.699004111590904031,-0.034312091435436183
32.960000000000000853,0.698945861964910597,-0.034238214506724207
33.009999999999998010,0.698887775711849568,-0.034164596690924844
33.060000000000002274,0.698829852290965392,-0.034091236744727402
33.109999999999999432,0.698772091163028630,-0.034018133432311873
33.159999999999996589,0.698714491790331738,-0.033945285525295618
33.210000000000000853,0.698657053636688841,-0.033872691802679780
33.259999999999998010,0.698599776167462938,-0.033800351050797303
33.310000000000002274,0.698542658849540699,-0.033728262063258976
33.359999999999999432,0.698485701151343563,-0.033656423640902489
33.409999999999996589,0.698428902542839292,-0.033584834591739859
33.460000000000000853,0.698372262495540186,-0.033513493730906861
33.509999999999998010,0.698315780482495985,-0.033442399880613011
33.560000000000002274,0.698259455978312293,-0.033371551870089278
33.609999999999999432,0.698203288459139260,-0.033300948535539186
33.659999999999996589,0.698147277402678457,-0.033230588720089618
33.710000000000000853,0.698091422288187213,-0.033160471273741061
33.759999999999998010,0.698035722596481611,-0.033090595053319301
33.810000000000002274,0.697980177809926494,-0.033020958922426104
33.859999999999999432,0.697924787412447456,-0.032951561751392994
33.909999999999996589,0.697869550889533508,-0.032882402417231858
33.960000000000000853,0.697814467728231191,-0.032813479803588994
34.009999999999998010,0.697759537417145581,-0.032744792800697690
34.060000000000002274,0.697704759446452050,-0.032676340305332501
34.109999999999999432,0.697650133307877618,-0.032608121220762273
34.159999999999996589,0.697595658494731152,-0.032540134456705047
34.210000000000000853,0.697541334501870391,-0.032472378929283265
34.259999999999998010,0.697487160825722929,-0.032404853560977276
34.310000000000002274,0.697433136964283440,-0.032337557280582636
34.359999999999999432,0.697379262417111345,-0.032270489023164893
34.409999999999996589,0.697325536685332703,-0.032203647730015744
34.460000000000000853,0.697271959271641761,-0.032137032348609547
34.509999999999998010,0.697218529680292076,-0.032070641832560677
34.560000000000002274,0.697165247417108391,-0.032004475141580280
34.609999999999999432,0.697112111989482530,-0.031938531241434136
34.659999999999996589,0.697059122906361295,-0.031872809103900210
34.710000000000000853,0.697006279678270446,-0.031807307706726747
34.759999999999998010,0.696953581817293388,-0.031742026033592094
34.810000000000002274,0.696901028837072944,-0.031676963074060975
34.859999999999999432,0.696848620252818018,-0.031612117823547572
34.909999999999996589,0.696796355581304483,-0.031547489283271023
34.960000000000000853,0.696744234340859192,-0.031483076460218216
35.009999999999998010,0.696692256051383074,-0.031418878367102596
35.060000000000002274,0.696640420234324265,-0.031354894022325025
35.109999999999999432,0.696588726412692871,-0.031291122449934893
35.159999999999996589,0.696537174111053536,-0.031227562679590398
35.210000000000000853,0.696485762855537205,-0.031164213746521219
35.259999999999998010,0.696434492173812925,-0.031101074691489282
35.310000000000002274,0.696383361595115380,-0.031038144560751286
35.359999999999999432,0.696332370650221688,-0.030975422406020900
35.409999999999996589,0.696281518871468275,-0.030912907284431291
35.460000000000000853,0.696230805792728780,-0.030850598258498688
35.509999999999998010,0.696180230949431489,-0.030788494396084901
35.560000000000002274,0.696129793878544789,-0.030726594770360983
35.609999999999999432,0.696079494118582387,-0.030664898459771415
35.659999999999996589,0.696029331209599755,-0.030603404547998213
35.710000000000000853,0.695979304693186251,-0.030542112123924717
35.759999999999998010,0.695929414112469780,-0.030481020281600813
35.810000000000002274,0.695879659012125895,-0.030420128120207772
35.859999999999999432,0.695830038938335171,-0.030359434744023462
35.909999999999996589,0.695780553438835603,-0.030298939262387560
35.960000000000000853,0.695731202062880527,-0.030238640789667801
36.009999999999998010,0.695681984361248618,-0.030178538445225837
36.060000000000002274,0.695632899886245437,-0.030118631353383028
36.109999999999999432,0.695583948191700330,-0.030058918643387805
36.159999999999996589,0.695535128832953320,-0.029999399449382007
36.210000000000000853,0.695486441366870656,-0.029940072910368220
36.259999999999998010,0.695437885351820384,-0.029880938170176705
36.310000000000002274,0.695389460347690336,-0.029821994377433405
36.359999999999999432,0.695341165915876025,-0.029763240685527510
36.409999999999996589,0.695293001619272766,-0.029704676252579856
36.460000000000000853,0.695244967022285110,-0.029646300241410892
36.509999999999998010,0.695197061690812301,-0.029588111819509502
36.560000000000002274,0.695149285192255495,-0.029530110159001702
36.609999999999999432,0.695101637095505542,-0.029472294436619952
36.659999999999996589,0.695054116970951541,-0.029414663833672069
36.710000000000000853,0.695006724390462627,-0.029357217536011095
36.759999999999998010,0.694959458927398410,-0.029299954734004742
36.810000000000002274,0.694912320156599872,-0.029242874622505959
36.859999999999999432,0.694865307654386477,-0.029185976400822853
36.909999999999996589,0.694818420998558617,-0.029129259272688574
36.960000000000000853,0.694771659768380956,-0.029072722446232959
37.009999999999998010,0.694725023544592424,-0.029016365133953111
37.060000000000002274,0.694678511909405216,-0.028960186552684366
37.109999999999999432,0.694632124446486032,-0.028904185923571739
37.159999999999996589,0.694585860740960070,-0.028848362472041731
37.210000000000000853,0.694539720379423131,-0.028792715427773535
37.259999999999998010,0.694493702949908309,-0.028737244024671947
37.310000000000002274,0.694447808041908643,-0.028681947500838613
37.359999999999999432,0.694402035246363902,-0.028626825098545298
37.409999999999996589,0.694356384155649820,-0.028571876064206102
37.460000000000000853,0.694310854363593410,-0.028517099648350242
37.509999999999998010,0.694265445465447106,-0.028462495105595443
37.560000000000002274,0.694220157057902743,-0.028408061694620804
37.609999999999999432,0.694174988739079568,-0.028353798678140824
37.659999999999996589,0.694129940108525578,-0.028299705322878368
37.710000000000000853,0.694085010767208632,-0.028245780899539157
37.759999999999998010,0.694040200317511125,-0.028192024682785380
37.810000000000002274,0.693995508363239866,-0.028138435951210374
37.859999999999999432,0.693950934509607653,-0.028085013987312720
37.909999999999996589,0.693906478363237711,-0.028031758077470867
37.960000000000000853,0.693862139532150257,-0.027978667511918361
38.009999999999998010,0.693817917625777936,-0.027925741584718566
38.060000000000002274,0.693773812254942279,-0.027872979593739737
38.109999999999999432,0.693729823031858595,-0.027820380840631126
38.159999999999996589,0.693685949570130855,-0.027767944630797500
38.210000000000000853,0.693642191484754589,-0.027715670273375747
38.259999999999998010,0.693598548392102110,-0.027663557081210665
38.310000000000002274,0.693555019909923520,-0.027611604370830788
38.359999999999999432,0.693511605657342600,-0.027559811462424821
38.410000000000003695,0.693468305254860140,-0.027508177679818290
38.460000000000000853,0.693425118324337397,-0.027456702350450165
38.509999999999998010,0.693382044488996097,-0.027405384805349622
38.560000000000002274,0.693339083373423204,-0.027354224379112623
38.609999999999999432,0.693296234603561490,-0.027303220409880223
38.660000000000003695,0.693253497806696761,-0.027252372239314562
38.710000000000000853,0.693210872611466300,-0.027201679212577299
38.759999999999998010,0.693168358647853977,-0.027151140678306967
38.810000000000002274,0.693125955547176931,-0.027100755988596861
38.859999999999999432,0.693083662942093004,-0.027050524498972914
38.910000000000003695,0.693041480466590865,-0.027000445568372222
38.960000000000000853,0.692999407755984120,-0.026950518559120857
39.009999999999998010,0.692957444446908100,-0.026900742836912957
39.060000000000002274,0.692915590177327956,-0.026851117770788708
39.109999999999999432,0.692873844586513687,-0.026801642733113831
39.160000000000003695,0.692832207315049575,-0.026752317099557832
39.210000000000000853,0.692790678004832849,-0.026703140249073928
39.259999999999998010,0.692749256299056260,-0.026654111563877543
39.310000000000002274,0.692707941842222508,-0.026605230429426242
39.359999999999999432,0.692666734280117935,-0.026556496234398909
39.410000000000003695,0.692625633259831952,-0.026507908370676098
39.460000000000000853,0.692584638429731503,-0.026459466233318990
39.509999999999998010,0.692543749439476719,-0.026411169220550236
39.560000000000002274,0.692502965940000048,-0.026363016733733691
39.609999999999999432,0.692462287583514025,-0.026315008177354854
39.660000000000003695,0.692421714023502388,-0.026267142959001170
39.710000000000000853,0.692381244914714200,-0.026219420489342858
39.759999999999998010,0.692340879913157181,-0.026171840182113632
39.810000000000002274,0.692300618676115476,-0.026124401454090798
39.859999999999999432,0.692260460862108795,-0.026077103725077828
39.910000000000003695,0.692220406130921617,-0.026029946417884108
39.960000000000000853,0.692180454143577650,-0.025982928958306773
40.009999999999998010,0.692140604562349160,-0.025936050775111897
40.060000000000002274,0.692100857050745533,-0.025889311300016659
40.109999999999999432,0.692061211273512389,-0.025842709967670050
40.160000000000003695,0.692021666896627363,-0.025796246215635730
40.210000000000000853,0.691982223587284673,-0.025749919484373197
40.259999999999998010,0.691942881013919542,-0.025703729217220132
40.310000000000002274,0.691903638846170677,-0.025657674860374763
40.359999999999999432,0.691864496754905245,-0.025611755862877946
40.410000000000003695,0.691825454412185903,-0.025565971676595776
40.460000000000000853,0.691786511491294553,-0.025520321756202280
40.509999999999998010,0.691747667666709143,-0.025474805559161567
40.560000000000002274,0.691708922614109101,-0.025429422545711542
40.609999999999999432,0.691670276010367679,-0.025384172178846250
40.660000000000003695,0.691631727533549845,-0.025339053924298988
40.710000000000000853,0.691593276862904838,-0.025294067250525840
40.759999999999998010,0.691554923678863176,-0.025249211628688720
40.810000000000002274,0.691516667663042539,-0.025204486532638789
40.859999999999999432,0.691478508498225231,-0.025159891438900180
40.910000000000003695,0.691440445868364395,-0.025115425826653583
40.960000000000000853,0.691402479458589125,-0.025071089177720021
41.009999999999998010,0.691364608955179372,-0.025026880976544905
41.060000000000002274,0.691326834045578376,-0.024982800710181961
41.109999999999999432,0.691289154418386120,-0.024938847868277006
41.160000000000003695,0.691251569763349116,-0.024895021943052625
41.210000000000000853,0.691214079771362844,-0.024851322429292815
41.259999999999998010,0.691176684134462982,-0.024807748824326580
41.310000000000002274,0.691139382545820080,-0.024764300628013380
41.359999999999999432,0.691102174699746996,-0.024720977342727060
41.410000000000003695,0.691065060291683464,-0.024677778473340989
41.460000000000000853,0.691028039018192985,-0.024634703527213319
41.509999999999998010,0.690991110576964385,-0.024591752014171315
41.560000000000002274,0.690954274666800150,-0.024548923446497159
41.609999999999999432,0.690917530987625983,-0.024506217338912228
41.660000000000003695,0.690880879240467816,-0.024463633208563464
41.710000000000000853,0.690844319127464024,-0.024421170575008231
41.759999999999998010,0.690807850351857100,-0.024378828960199626
41.810000000000002274,0.690771472617982107,-0.024336607888472531
41.859999999999999432,0.690735185631269566,-0.024294506886529496
41.910000000000003695,0.690698989098250227,-0.024252525483426070
41.960000000000000853,0.690662882726523986,-0.024210663210556531
42.009999999999998010,0.690626866224794633,-0.024168919601640849
42.060000000000002274,0.690590939302825113,-0.024127294192710022
42.109999999999999432,0.690555101671464611,-0.024085786522092291
42.160000000000003695,0.690519353042633011,-0.024044396130400030
42.210000000000000853,0.690483693129312903,-0.024003122560515941
42.259999999999998010,0.690448121645553359,-0.023961965357578593
42.310000000000002274,0.690412638306464488,-0.023920924068970739
42.359999999999999432,0.690377242828203563,-0.023879998244304285
42.410000000000003695,0.690341934927990675,-0.023839187435408780
42.460000000000000853,0.690306714324087412,-0.023798491196316357
42.509999999999998010,0.690271580735798307,-0.023757909083250418
42.560000000000002274,0.690236533883473280,-0.023717440654611753
42.609999999999999432,0.690201573488492648,-0.023677085470965767
42.660000000000003695,0.690166699273274786,-0.023636843095029975
42.710000000000000853,0.690131910961261363,-0.023596713091661000
42.759999999999998010,0.690097208276922003,-0.023556695027842627
42.810000000000002274,0.690062590945750287,-0.023516788472672016
42.859999999999999432,0.690028058694249546,-0.023476992997348723
42.910000000000003695,0.689993611249944405,-0.023437308175161334
42.960000000000000853,0.689959248341363351,-0.023397733581475750
43.009999999999998010,0.689924969698040402,-0.023358268793722693
43.060000000000002274,0.689890775050523541,-0.023318913391385827
43.109999999999999432,0.689856664130340635,-0.023279666955989646
43.160000000000003695,0.689822636670031075,-0.023240529071087649
43.210000000000000853,0.689788692403110359,-0.023201499322250293
43.259999999999998010,0.689754831064098628,-0.023162577297053323
43.310000000000002274,0.689721052388483136,-0.023123762585066224
43.359999999999999432,0.689687356112741234,-0.023085054777840508
43.410000000000003695,0.689653741974318391,-0.023046453468897998
43.460000000000000853,0.689620209711641730,-0.023007958253719860
43.509999999999998010,0.689586759064103716,-0.022969568729734751
43.560000000000002274,0.689553389772057046,-0.022931284496307557
43.609999999999999432,0.689520101576821420,-0.022893105154728536
43.660000000000003695,0.689486894220675550,-0.022855030308201883
43.710000000000000853,0.689453767446847388,-0.022817059561834729
43.759999999999998010,0.689420720999518788,-0.022779192522626234
43.810000000000002274,0.689387754623820181,-0.022741428799456391
43.859999999999999432,0.689354868065819248,-0.022703768003075501
43.910000000000003695,0.689322061072527248,-0.022666209746093405
43.960000000000000853,0.689289333391892800,-0.022628753642968048
44.009999999999998010,0.689256684772800776,-0.022591399309996318
44.060000000000002274,0.689224114965054424,-0.022554146365302039
44.109999999999999432,0.689191623719393465,-0.022516994428826109
44.160000000000003695,0.689159210787471110,-0.022479943122316253
44.210000000000000853,0.689126875921863169,-0.022442992069316374
44.259999999999998010,0.689094618876065601,-0.022406140895156062
44.310000000000002274,0.689062439404473537,-0.022369389226941098
44.359999999999999432,0.689030337262401038,-0.022332736693542597
44.410000000000003695,0.688998312206062780,-0.022296182925587275
44.460000000000000853,0.688966363992570163,-0.022259727555447643
44.509999999999998010,0.688934492379939534,-0.022223370217231433
44.560000000000002274,0.688902697127077523,-0.022187110546772193
44.609999999999999432,0.688870977993781053,-0.022150948181619605
44.660000000000003695,0.688839334740735776,-0.022114882761029159
44.710000000000000853,0.688807767129511306,-0.022078913925953157
44.759999999999998010,0.688776274922553222,-0.022043041319030600
44.810000000000002274,0.688744857883190176,-0.022007264584577812
44.859999999999999432,0.688713515775620455,-0.021971583368578969
44.910000000000003695,0.688682248364912764,-0.021935997318676587
44.960000000000000853,0.688651055417008551,-0.021900506084162240
45.009999999999998010,0.688619936698697699,-0.021865109315967149
45.060000000000002274,0.688588891977648831,-0.021829806666653250
45.109999999999999432,0.688557921022375563,-0.021794597790403509
45.160000000000003695,0.688527023602246269,-0.021759482343013215
45.210000000000000853,0.688496199487481753,-0.021724459981880478
45.259999999999998010,0.688465448449150696,-0.021689530365998116
45.310000000000002274,0.688434770259161666,-0.021654693155943466
45.359999999999999432,0.688404164690265885,-0.021619948013870474
45.410000000000003695,0.688373631516047579,-0.021585294603500622
45.460000000000000853,0.688343170510931635,-0.021550732590113673
45.509999999999998010,0.688312781450164279,-0.021516261640539915
45.560000000000002274,0.688282464109829184,-0.021481881423150370
45.609999999999999432,0.688252218266826032,-0.021447591607849183
45.660000000000003695,0.688222043698876185,-0.021413391866064585
45.710000000000000853,0.688191940184521900,-0.021379281870740192
45.759999999999998010,0.688161907503118675,-0.021345261296327352
45.810000000000002274,0.688131945434829029,-0.021311329818776016
45.859999999999999432,0.688102053760627053,-0.021277487115526444
45.910000000000003695,0.688072232262292749,-0.021243732865501561
45.960000000000000853,0.688042480722405481,-0.021210066749098283
46.009999999999998010,0.688012798924340196,-0.021176488448179261
46.060000000000002274,0.687983186652274870,-0.021142997646064952
46.109999999999999432,0.687953643691172179,-0.021109594027525606
46.160000000000003695,0.687924169826787835,-0.021076277278773203
46.210000000000000853,0.687894764845659923,-0.021043047087453463
46.259999999999998010,0.687865428535113677,-0.021009903142637992
46.310000000000002274,0.687836160683252484,-0.020976845134816239
46.359999999999999432,0.687806961078950563,-0.020943872755887889
46.410000000000003695,0.687777829511870276,-0.020910985699155480
46.460000000000000853,0.687748765772428494,-0.020878183659315583
46.509999999999998010,0.687719769651815471,-0.020845466332452506
46.560000000000002274,0.687690840941993731,-0.020812833416029887
46.609999999999999432,0.687661979435675863,-0.020780284608882867
46.660000000000003695,0.687633184926336294,-0.020747819611211520
46.710000000000000853,0.687604457208209618,-0.020715438124572765
46.759999999999998010,0.687575796076275614,-0.020683139851872902
46.810000000000002274,0.687547201326268231,-0.020650924497360567
46.859999999999999432,0.687518672754669380,-0.020618791766619186
46.910000000000003695,0.687490210158700599,-0.020586741366559965
46.960000000000000853,0.687461813336324834,-0.020554773005414240
47.009999999999998010,0.687433482086244552,-0.020522886392726630
47.060000000000002274,0.687405216207894298,-0.020491081239347852
47.109999999999999432,0.687377015501442701,-0.020459357257427618
47.160000000000003695,0.687348879767787801,-0.020427714160407423
47.210000000000000853,0.687320808808553063,-0.020396151663013687
47.259999999999998010,0.687292802426083371,-0.020364669481251204
47.310000000000002274,0.687264860423441593,-0.020333267332395193
47.359999999999999432,0.687236982604422453,-0.020301944934985688
47.410000000000003695,0.687209168773513790,-0.020270702008819502
47.460000000000000853,0.687181418735931082,-0.020239538274944593
47.509999999999998010,0.687153732297590247,-0.020208453455652430
47.560000000000002274,0.687126109265121743,-0.020177447274471565
47.609999999999999432,0.687098549445852913,-0.020146519456161398
47.660000000000003695,0.687071052647810543,-0.020115669726704994
47.710000000000000853,0.687043618679721635,-0.020084897813302683
47.759999999999998010,0.687016247351010745,-0.020054203444365565
47.810000000000002274,0.686988938471791766,-0.020023586349509400
47.859999999999999432,0.686961691852866374,-0.019993046259547394
47.910000000000003695,0.686934507305727471,-0.019962582906484248
47.960000000000000853,0.686907384642547747,-0.019932196023509874
48.009999999999998010,0.686880323676187565,-0.019901885344992983
48.060000000000002274,0.686853324220174977,-0.019871650606474545
48.109999999999999432,0.686826386088720486,-0.019841491544661836
48.160000000000003695,0.686799509096710725,-0.019811407897422119
48.210000000000000853,0.686772693059695571,-0.019781399403776587
48.259999999999998010,0.686745937793901251,-0.019751465803893836
48.310000000000002274,0.686719243116213240,-0.019721606839084325
48.359999999999999432,0.686692608844178376,-0.019691822251794004
48.410000000000003695,0.686666034796006519,-0.019662111785598457
48.460000000000000853,0.686639520790564339,-0.019632475185196348
48.509999999999998010,0.686613066647374093,-0.019602912196404476
48.560000000000002274,0.686586672186605962,-0.019573422566151081
48.609999999999999432,0.686560337229081608,-0.019544006042469992
48.660000000000003695,0.686534061596277057,-0.019514662374495454
48.710000000000000853,0.686507845110298387,-0.019485391312455507
48.759999999999998010,0.686481687593900491,-0.019456192607666772
48.810000000000002274,0.686455588870484190,-0.019427066012528672
48.859999999999999432,0.686429548764070585,-0.019398011280517182
48.910000000000003695,0.686403567099333700,-0.019369028166180070
48.960000000000000853,0.686377643701565399,-0.019340116425130560
49.009999999999998010,0.686351778396688150,-0.019311275814042048
49.060000000000002274,0.686325971011256919,-0.019282506090642377
49.109999999999999432,0.686300221372446284,-0.019253807013708390
49.160000000000003695,0.686274529308056880,-0.019225178343060912
49.210000000000000853,0.686248894646497742,-0.019196619839558265
49.259999999999998010,0.686223317216803519,-0.019168131265091867
49.310000000000002274,0.686197796848624031,-0.019139712382580006
49.359999999999999432,0.686172333372215615,-0.019111362955963263
49.410000000000003695,0.686146926618444675,-0.019083082750198706
49.460000000000000853,0.686121576418786239,-0.019054871531254566
49.509999999999998010,0.686096282605319185,-0.019026729066105620
49.560000000000002274,0.686071045010722913,-0.018998655122726499
49.609999999999999432,0.686045863468279005,-0.018970649470088492
49.660000000000003695,0.686020737811859127,-0.018942711878152878
49.710000000000000853,0.685995667875940018,-0.018914842117866128
49.759999999999998010,0.685970653495585170,-0.018887039961155410
49.810000000000002274,0.685945694506447823,-0.018859305180922558
49.859999999999999432,0.685920790744765752,-0.018831637551039799
49.910000000000003695,0.685895942047371587,-0.018804036846344397
49.960000000000000853,0.685871148251673834,-0.018776502842634078
